_id,Valor,Timestamp de Inicio,Timestamp apos Leitura
687594e8e9a683cadf6b40d2,0,2025-07-14 20:38:12.041951,2025-07-14 20:38:12.043284
687594e8e9a683cadf6b40d6,0,2025-07-14 20:38:12.147249,2025-07-14 20:38:12.148697
687594e8e9a683cadf6b40da,0,2025-07-14 20:38:12.241754,2025-07-14 20:38:12.243088
687594e8e9a683cadf6b40de,0,2025-07-14 20:38:12.326387,2025-07-14 20:38:12.327717
687594e8e9a683cadf6b40e2,0,2025-07-14 20:38:12.446394,2025-07-14 20:38:12.447707
687594e8e9a683cadf6b40e6,0,2025-07-14 20:38:12.541743,2025-07-14 20:38:12.543110
687594e8e9a683cadf6b40ea,0,2025-07-14 20:38:12.641715,2025-07-14 20:38:12.643530
687594e9e9a683cadf6b40ee,0,2025-07-14 20:38:12.755466,2025-07-14 20:38:12.756990
687594e9e9a683cadf6b40f2,0,2025-07-14 20:38:12.839913,2025-07-14 20:38:12.843007
687594e9e9a683cadf6b40f6,0,2025-07-14 20:38:12.946717,2025-07-14 20:38:12.947977
687594e8e9a683cadf6b40ce,0,2025-07-14 20:38:11.944458,2025-07-14 20:38:11.984055
687594e9e9a683cadf6b40fa,0,2025-07-14 20:38:13.040073,2025-07-14 20:38:13.041490
687594e9e9a683cadf6b40fe,0,2025-07-14 20:38:13.139696,2025-07-14 20:38:13.142474
687594e9e9a683cadf6b4102,0,2025-07-14 20:38:13.249026,2025-07-14 20:38:13.251140
687594e9e9a683cadf6b4106,0,2025-07-14 20:38:13.341450,2025-07-14 20:38:13.342960
687594e9e9a683cadf6b410a,0,2025-07-14 20:38:13.427732,2025-07-14 20:38:13.429078
687594e9e9a683cadf6b410e,0,2025-07-14 20:38:13.546469,2025-07-14 20:38:13.547789
687594e9e9a683cadf6b4112,0,2025-07-14 20:38:13.650104,2025-07-14 20:38:13.651380
687594eae9a683cadf6b4116,0,2025-07-14 20:38:13.758194,2025-07-14 20:38:13.760213
687594eae9a683cadf6b411a,0,2025-07-14 20:38:13.855972,2025-07-14 20:38:13.857244
687594eae9a683cadf6b411e,0,2025-07-14 20:38:13.937651,2025-07-14 20:38:13.939058
687594eae9a683cadf6b4122,0,2025-07-14 20:38:14.054146,2025-07-14 20:38:14.055958
687594eae9a683cadf6b4126,0,2025-07-14 20:38:14.164573,2025-07-14 20:38:14.166163
687594eae9a683cadf6b412a,0,2025-07-14 20:38:14.246590,2025-07-14 20:38:14.247881
687594eae9a683cadf6b412e,0,2025-07-14 20:38:14.359434,2025-07-14 20:38:14.360834
687594eae9a683cadf6b4132,0,2025-07-14 20:38:14.451086,2025-07-14 20:38:14.453280
687594eae9a683cadf6b4136,0,2025-07-14 20:38:14.560144,2025-07-14 20:38:14.562033
687594eae9a683cadf6b413a,0,2025-07-14 20:38:14.638359,2025-07-14 20:38:14.639949
687594ebe9a683cadf6b413e,0,2025-07-14 20:38:14.751293,2025-07-14 20:38:14.752789
687594ebe9a683cadf6b4142,0,2025-07-14 20:38:14.839069,2025-07-14 20:38:14.840653
687594ebe9a683cadf6b4146,0,2025-07-14 20:38:14.954624,2025-07-14 20:38:14.956421
687594ebe9a683cadf6b414a,0,2025-07-14 20:38:15.056955,2025-07-14 20:38:15.059110
687594ebe9a683cadf6b414e,0,2025-07-14 20:38:15.128733,2025-07-14 20:38:15.130017
687594ebe9a683cadf6b4152,0,2025-07-14 20:38:15.248222,2025-07-14 20:38:15.249509
687594ebe9a683cadf6b4156,0,2025-07-14 20:38:15.353155,2025-07-14 20:38:15.354618
687594ebe9a683cadf6b415a,0,2025-07-14 20:38:15.465488,2025-07-14 20:38:15.467306
687594ebe9a683cadf6b415e,0,2025-07-14 20:38:15.547096,2025-07-14 20:38:15.548421
687594ebe9a683cadf6b4162,0,2025-07-14 20:38:15.651710,2025-07-14 20:38:15.654572
687594ece9a683cadf6b4166,0,2025-07-14 20:38:15.751329,2025-07-14 20:38:15.753236
687594ece9a683cadf6b416a,0,2025-07-14 20:38:15.854211,2025-07-14 20:38:15.855581
687594ece9a683cadf6b416e,0,2025-07-14 20:38:15.957043,2025-07-14 20:38:15.958977
687594ece9a683cadf6b4172,0,2025-07-14 20:38:16.057252,2025-07-14 20:38:16.058795
687594ece9a683cadf6b4176,0,2025-07-14 20:38:16.152090,2025-07-14 20:38:16.153499
687594ece9a683cadf6b417a,0,2025-07-14 20:38:16.260313,2025-07-14 20:38:16.262425
687594ece9a683cadf6b417e,0,2025-07-14 20:38:16.365143,2025-07-14 20:38:16.366433
687594ece9a683cadf6b4182,0,2025-07-14 20:38:16.464056,2025-07-14 20:38:16.465696
687594ece9a683cadf6b4186,0,2025-07-14 20:38:16.563069,2025-07-14 20:38:16.564431
687594ece9a683cadf6b418a,0,2025-07-14 20:38:16.663479,2025-07-14 20:38:16.665579
687594ede9a683cadf6b418e,0,2025-07-14 20:38:16.762638,2025-07-14 20:38:16.764259
687594ede9a683cadf6b4192,0,2025-07-14 20:38:16.859329,2025-07-14 20:38:16.862709
687594ede9a683cadf6b4196,0,2025-07-14 20:38:16.937627,2025-07-14 20:38:16.938943
687594ede9a683cadf6b419a,0,2025-07-14 20:38:17.063792,2025-07-14 20:38:17.065063
687594ede9a683cadf6b41a4,0,2025-07-14 20:38:17.351790,2025-07-14 20:38:17.353600
687594ede9a683cadf6b41a8,0,2025-07-14 20:38:17.456318,2025-07-14 20:38:17.457956
687594ede9a683cadf6b41ac,0,2025-07-14 20:38:17.554256,2025-07-14 20:38:17.555659
687594ede9a683cadf6b41b0,0,2025-07-14 20:38:17.651527,2025-07-14 20:38:17.653867
687594eee9a683cadf6b41b4,0,2025-07-14 20:38:17.756350,2025-07-14 20:38:17.757709
687594eee9a683cadf6b41b8,0,2025-07-14 20:38:17.850625,2025-07-14 20:38:17.852652
687594eee9a683cadf6b41bc,0,2025-07-14 20:38:17.956049,2025-07-14 20:38:17.957372
687594eee9a683cadf6b41c0,0,2025-07-14 20:38:18.059973,2025-07-14 20:38:18.061422
687594eee9a683cadf6b41c4,0,2025-07-14 20:38:18.149173,2025-07-14 20:38:18.150555
687594eee9a683cadf6b41c8,0,2025-07-14 20:38:18.251812,2025-07-14 20:38:18.253792
687594eee9a683cadf6b41cc,0,2025-07-14 20:38:18.336909,2025-07-14 20:38:18.338168
687594eee9a683cadf6b41d0,0,2025-07-14 20:38:18.452168,2025-07-14 20:38:18.454537
687594eee9a683cadf6b41d4,0,2025-07-14 20:38:18.551104,2025-07-14 20:38:18.553278
687594eee9a683cadf6b41d8,0,2025-07-14 20:38:18.654838,2025-07-14 20:38:18.656102
687594efe9a683cadf6b41dc,0,2025-07-14 20:38:18.760306,2025-07-14 20:38:18.762628
687594efe9a683cadf6b41e0,0,2025-07-14 20:38:18.867531,2025-07-14 20:38:18.868839
687594efe9a683cadf6b41e4,0,2025-07-14 20:38:18.958101,2025-07-14 20:38:18.959485
687594efe9a683cadf6b41e8,0,2025-07-14 20:38:19.060970,2025-07-14 20:38:19.062393
687594efe9a683cadf6b41f2,0,2025-07-14 20:38:19.337868,2025-07-14 20:38:19.339153
687594efe9a683cadf6b41f6,0,2025-07-14 20:38:19.465697,2025-07-14 20:38:19.467222
687594efe9a683cadf6b41fa,0,2025-07-14 20:38:19.563330,2025-07-14 20:38:19.564989
687594f0e9a683cadf6b41fe,0,2025-07-14 20:38:19.662852,2025-07-14 20:38:19.664338
687594f0e9a683cadf6b4202,0,2025-07-14 20:38:19.768053,2025-07-14 20:38:19.770093
687594f0e9a683cadf6b4206,0,2025-07-14 20:38:19.858201,2025-07-14 20:38:19.859505
687594f0e9a683cadf6b420a,0,2025-07-14 20:38:19.957488,2025-07-14 20:38:19.959004
687594f0e9a683cadf6b420e,0,2025-07-14 20:38:20.054639,2025-07-14 20:38:20.055982
687594f0e9a683cadf6b4212,0,2025-07-14 20:38:20.157466,2025-07-14 20:38:20.158802
687594f0e9a683cadf6b4216,0,2025-07-14 20:38:20.273412,2025-07-14 20:38:20.274820
687594f0e9a683cadf6b421a,0,2025-07-14 20:38:20.373270,2025-07-14 20:38:20.374545
687594f0e9a683cadf6b421e,0,2025-07-14 20:38:20.469235,2025-07-14 20:38:20.472601
687594f0e9a683cadf6b4222,0,2025-07-14 20:38:20.573762,2025-07-14 20:38:20.576952
687594f1e9a683cadf6b4226,0,2025-07-14 20:38:20.657616,2025-07-14 20:38:20.658947
687594f1e9a683cadf6b422a,0,2025-07-14 20:38:20.769127,2025-07-14 20:38:20.771074
687594f1e9a683cadf6b422e,0,2025-07-14 20:38:20.859584,2025-07-14 20:38:20.860869
687594f1e9a683cadf6b4232,0,2025-07-14 20:38:20.957871,2025-07-14 20:38:20.959384
687594f1e9a683cadf6b4236,0,2025-07-14 20:38:21.073346,2025-07-14 20:38:21.074710
687594f1e9a683cadf6b423a,0,2025-07-14 20:38:21.174595,2025-07-14 20:38:21.176449
687594f1e9a683cadf6b423e,0,2025-07-14 20:38:21.269586,2025-07-14 20:38:21.271118
687594f1e9a683cadf6b4242,0,2025-07-14 20:38:21.367185,2025-07-14 20:38:21.368643
687594f1e9a683cadf6b4246,0,2025-07-14 20:38:21.474678,2025-07-14 20:38:21.475937
687594f1e9a683cadf6b424a,0,2025-07-14 20:38:21.562866,2025-07-14 20:38:21.564162
687594f2e9a683cadf6b424e,0,2025-07-14 20:38:21.661782,2025-07-14 20:38:21.663867
687594f2e9a683cadf6b4252,0,2025-07-14 20:38:21.765936,2025-07-14 20:38:21.767369
687594f2e9a683cadf6b4256,0,2025-07-14 20:38:21.867832,2025-07-14 20:38:21.869952
687594f2e9a683cadf6b425a,0,2025-07-14 20:38:21.947448,2025-07-14 20:38:21.948769
687594f2e9a683cadf6b425e,0,2025-07-14 20:38:22.071631,2025-07-14 20:38:22.073629
687594f2e9a683cadf6b4262,0,2025-07-14 20:38:22.174820,2025-07-14 20:38:22.176241
687594f2e9a683cadf6b4266,0,2025-07-14 20:38:22.256752,2025-07-14 20:38:22.258043
687594f2e9a683cadf6b426a,0,2025-07-14 20:38:22.363809,2025-07-14 20:38:22.365809
687594f2e9a683cadf6b426e,0,2025-07-14 20:38:22.458468,2025-07-14 20:38:22.459737
687594f2e9a683cadf6b4272,0,2025-07-14 20:38:22.566761,2025-07-14 20:38:22.568071
687594f2e9a683cadf6b4276,0,2025-07-14 20:38:22.661274,2025-07-14 20:38:22.663111
687594f3e9a683cadf6b427a,0,2025-07-14 20:38:22.770370,2025-07-14 20:38:22.772072
687594f3e9a683cadf6b427e,0,2025-07-14 20:38:22.870572,2025-07-14 20:38:22.872592
687594f3e9a683cadf6b4282,0,2025-07-14 20:38:22.959744,2025-07-14 20:38:22.961283
687594f3e9a683cadf6b4286,0,2025-07-14 20:38:23.046170,2025-07-14 20:38:23.047497
687594f3e9a683cadf6b428a,0,2025-07-14 20:38:23.166277,2025-07-14 20:38:23.167594
687594f3e9a683cadf6b428e,0,2025-07-14 20:38:23.266803,2025-07-14 20:38:23.268105
687594f3e9a683cadf6b4292,0,2025-07-14 20:38:23.368310,2025-07-14 20:38:23.370312
687594f3e9a683cadf6b4296,0,2025-07-14 20:38:23.477632,2025-07-14 20:38:23.478960
687594f4e9a683cadf6b429a,0,2025-07-14 20:38:23.557556,2025-07-14 20:38:23.558984
687594f4e9a683cadf6b429e,0,2025-07-14 20:38:23.667651,2025-07-14 20:38:23.669255
687594f4e9a683cadf6b42a2,0,2025-07-14 20:38:23.761814,2025-07-14 20:38:23.763146
687594f4e9a683cadf6b42a6,0,2025-07-14 20:38:23.867633,2025-07-14 20:38:23.868944
687594f4e9a683cadf6b42ae,0,2025-07-14 20:38:24.068464,2025-07-14 20:38:24.069752
687594f4e9a683cadf6b42aa,0,2025-07-14 20:38:23.958566,2025-07-14 20:38:23.960192
687594f4e9a683cadf6b42b2,0,2025-07-14 20:38:24.171350,2025-07-14 20:38:24.173308
687594f4e9a683cadf6b42b6,0,2025-07-14 20:38:24.276029,2025-07-14 20:38:24.277582
687594f4e9a683cadf6b42ba,0,2025-07-14 20:38:24.381501,2025-07-14 20:38:24.382757
687594f4e9a683cadf6b42bd,300,2025-07-14 20:38:24.413398,2025-07-14 20:38:24.463034
687594f4e9a683cadf6b42bf,0,2025-07-14 20:38:24.484973,2025-07-14 20:38:24.486299
687594f4e9a683cadf6b42c3,0,2025-07-14 20:38:24.580541,2025-07-14 20:38:24.582691
687594f5e9a683cadf6b42c7,300,2025-07-14 20:38:24.666724,2025-07-14 20:38:24.668075
687594f5e9a683cadf6b42cb,300,2025-07-14 20:38:24.787552,2025-07-14 20:38:24.789415
687594f5e9a683cadf6b42cf,300,2025-07-14 20:38:24.877869,2025-07-14 20:38:24.879143
687594f5e9a683cadf6b42d3,300,2025-07-14 20:38:24.978423,2025-07-14 20:38:24.979769
687594f5e9a683cadf6b42d7,300,2025-07-14 20:38:25.079177,2025-07-14 20:38:25.080461
687594f5e9a683cadf6b42db,300,2025-07-14 20:38:25.179404,2025-07-14 20:38:25.180675
687594f5e9a683cadf6b42df,300,2025-07-14 20:38:25.266937,2025-07-14 20:38:25.272566
687594f5e9a683cadf6b42e3,300,2025-07-14 20:38:25.382020,2025-07-14 20:38:25.383467
687594f5e9a683cadf6b42e7,300,2025-07-14 20:38:25.471316,2025-07-14 20:38:25.473104
687594f5e9a683cadf6b42eb,300,2025-07-14 20:38:25.582055,2025-07-14 20:38:25.583518
687594f6e9a683cadf6b42ef,300,2025-07-14 20:38:25.678360,2025-07-14 20:38:25.679641
687594f6e9a683cadf6b42f3,300,2025-07-14 20:38:25.768870,2025-07-14 20:38:25.770595
687594f6e9a683cadf6b42f7,300,2025-07-14 20:38:25.868365,2025-07-14 20:38:25.869692
687594f6e9a683cadf6b42fb,300,2025-07-14 20:38:25.982563,2025-07-14 20:38:25.984666
687594f6e9a683cadf6b42ff,300,2025-07-14 20:38:26.084790,2025-07-14 20:38:26.086119
687594f6e9a683cadf6b4303,300,2025-07-14 20:38:26.169233,2025-07-14 20:38:26.170544
687594f6e9a683cadf6b4307,300,2025-07-14 20:38:26.278132,2025-07-14 20:38:26.279565
687594f6e9a683cadf6b430b,300,2025-07-14 20:38:26.373726,2025-07-14 20:38:26.375060
687594f6e9a683cadf6b430f,300,2025-07-14 20:38:26.477766,2025-07-14 20:38:26.479226
687594f6e9a683cadf6b4313,300,2025-07-14 20:38:26.584246,2025-07-14 20:38:26.585711
687594f7e9a683cadf6b4317,300,2025-07-14 20:38:26.676739,2025-07-14 20:38:26.678430
687594f7e9a683cadf6b431b,300,2025-07-14 20:38:26.777869,2025-07-14 20:38:26.779309
687594f7e9a683cadf6b431f,300,2025-07-14 20:38:26.878928,2025-07-14 20:38:26.880645
687594f7e9a683cadf6b4323,300,2025-07-14 20:38:26.973486,2025-07-14 20:38:26.974849
687594f7e9a683cadf6b4327,300,2025-07-14 20:38:27.077378,2025-07-14 20:38:27.078907
687594f7e9a683cadf6b432b,300,2025-07-14 20:38:27.179345,2025-07-14 20:38:27.181035
687594f7e9a683cadf6b432f,300,2025-07-14 20:38:27.268049,2025-07-14 20:38:27.269601
687594f7e9a683cadf6b4333,300,2025-07-14 20:38:27.383066,2025-07-14 20:38:27.384961
687594f7e9a683cadf6b4337,300,2025-07-14 20:38:27.484621,2025-07-14 20:38:27.485883
687594f7e9a683cadf6b433b,300,2025-07-14 20:38:27.568003,2025-07-14 20:38:27.569295
687594f8e9a683cadf6b433f,300,2025-07-14 20:38:27.682037,2025-07-14 20:38:27.684936
687594f8e9a683cadf6b4343,300,2025-07-14 20:38:27.767840,2025-07-14 20:38:27.769098
687594f8e9a683cadf6b4347,300,2025-07-14 20:38:27.878063,2025-07-14 20:38:27.880063
687594f8e9a683cadf6b434b,300,2025-07-14 20:38:27.967965,2025-07-14 20:38:27.969232
687594f8e9a683cadf6b434f,300,2025-07-14 20:38:28.090800,2025-07-14 20:38:28.092179
687594f8e9a683cadf6b4353,300,2025-07-14 20:38:28.176936,2025-07-14 20:38:28.178275
687594f8e9a683cadf6b4357,300,2025-07-14 20:38:28.270697,2025-07-14 20:38:28.272027
687594f8e9a683cadf6b435b,300,2025-07-14 20:38:28.368396,2025-07-14 20:38:28.369763
687594f8e9a683cadf6b435f,300,2025-07-14 20:38:28.476543,2025-07-14 20:38:28.477843
687594f8e9a683cadf6b4363,300,2025-07-14 20:38:28.581837,2025-07-14 20:38:28.583361
687594f9e9a683cadf6b4367,300,2025-07-14 20:38:28.667750,2025-07-14 20:38:28.669051
687594f9e9a683cadf6b436b,300,2025-07-14 20:38:28.784622,2025-07-14 20:38:28.786103
687594f9e9a683cadf6b436f,300,2025-07-14 20:38:28.867419,2025-07-14 20:38:28.868784
687594f9e9a683cadf6b4373,300,2025-07-14 20:38:28.977724,2025-07-14 20:38:28.979117
687594f9e9a683cadf6b4377,300,2025-07-14 20:38:29.077610,2025-07-14 20:38:29.078947
687594f9e9a683cadf6b437b,300,2025-07-14 20:38:29.170326,2025-07-14 20:38:29.171607
687594f9e9a683cadf6b437f,300,2025-07-14 20:38:29.278108,2025-07-14 20:38:29.279465
687594f9e9a683cadf6b4383,300,2025-07-14 20:38:29.382099,2025-07-14 20:38:29.383698
687594f9e9a683cadf6b4387,300,2025-07-14 20:38:29.472415,2025-07-14 20:38:29.473862
687594f9e9a683cadf6b438b,300,2025-07-14 20:38:29.572182,2025-07-14 20:38:29.573735
687594fae9a683cadf6b438f,300,2025-07-14 20:38:29.669305,2025-07-14 20:38:29.670649
687594fae9a683cadf6b4393,300,2025-07-14 20:38:29.767900,2025-07-14 20:38:29.769452
687594fae9a683cadf6b4397,300,2025-07-14 20:38:29.885813,2025-07-14 20:38:29.891805
687594fae9a683cadf6b439b,300,2025-07-14 20:38:29.966399,2025-07-14 20:38:29.967986
687594fae9a683cadf6b439f,300,2025-07-14 20:38:30.080084,2025-07-14 20:38:30.082252
687594fae9a683cadf6b43a3,300,2025-07-14 20:38:30.186305,2025-07-14 20:38:30.187673
687594fae9a683cadf6b43a7,300,2025-07-14 20:38:30.294063,2025-07-14 20:38:30.295374
687594fae9a683cadf6b43ab,300,2025-07-14 20:38:30.377719,2025-07-14 20:38:30.379169
687594fae9a683cadf6b43af,300,2025-07-14 20:38:30.479061,2025-07-14 20:38:30.482826
687594fae9a683cadf6b43b3,300,2025-07-14 20:38:30.586837,2025-07-14 20:38:30.588279
687594fbe9a683cadf6b43b7,300,2025-07-14 20:38:30.683317,2025-07-14 20:38:30.684905
687594fbe9a683cadf6b43bb,300,2025-07-14 20:38:30.771724,2025-07-14 20:38:30.773521
687594fbe9a683cadf6b43bf,300,2025-07-14 20:38:30.870454,2025-07-14 20:38:30.873774
687594fbe9a683cadf6b43c3,300,2025-07-14 20:38:30.994405,2025-07-14 20:38:30.995688
687594fbe9a683cadf6b43c7,300,2025-07-14 20:38:31.077885,2025-07-14 20:38:31.079168
687594fbe9a683cadf6b43cb,300,2025-07-14 20:38:31.189862,2025-07-14 20:38:31.192087
687594fbe9a683cadf6b43cf,300,2025-07-14 20:38:31.266639,2025-07-14 20:38:31.267973
687594fbe9a683cadf6b43d3,300,2025-07-14 20:38:31.373850,2025-07-14 20:38:31.375522
687594fbe9a683cadf6b43d7,300,2025-07-14 20:38:31.477598,2025-07-14 20:38:31.478893
687594fbe9a683cadf6b43db,300,2025-07-14 20:38:31.586549,2025-07-14 20:38:31.587952
687594fce9a683cadf6b43df,300,2025-07-14 20:38:31.679805,2025-07-14 20:38:31.681186
687594fce9a683cadf6b43e3,300,2025-07-14 20:38:31.796922,2025-07-14 20:38:31.798405
687594fce9a683cadf6b43e7,300,2025-07-14 20:38:31.885718,2025-07-14 20:38:31.887296
687594fce9a683cadf6b43eb,300,2025-07-14 20:38:31.993969,2025-07-14 20:38:31.995250
687594fce9a683cadf6b43ef,300,2025-07-14 20:38:32.082709,2025-07-14 20:38:32.084502
687594fce9a683cadf6b43f3,300,2025-07-14 20:38:32.179060,2025-07-14 20:38:32.181320
687594fce9a683cadf6b43f7,300,2025-07-14 20:38:32.285883,2025-07-14 20:38:32.287215
687594fce9a683cadf6b43fb,300,2025-07-14 20:38:32.384096,2025-07-14 20:38:32.385684
687594fce9a683cadf6b43ff,300,2025-07-14 20:38:32.477453,2025-07-14 20:38:32.478766
687594fce9a683cadf6b4403,300,2025-07-14 20:38:32.592882,2025-07-14 20:38:32.594273
687594fde9a683cadf6b4407,300,2025-07-14 20:38:32.683374,2025-07-14 20:38:32.685005
687594fde9a683cadf6b440b,300,2025-07-14 20:38:32.789439,2025-07-14 20:38:32.790858
687594fde9a683cadf6b440f,300,2025-07-14 20:38:32.880643,2025-07-14 20:38:32.884748
687594fde9a683cadf6b4413,300,2025-07-14 20:38:32.987016,2025-07-14 20:38:32.988349
687594fde9a683cadf6b4417,300,2025-07-14 20:38:33.084030,2025-07-14 20:38:33.085291
687594fde9a683cadf6b441b,300,2025-07-14 20:38:33.183408,2025-07-14 20:38:33.184716
687594fde9a683cadf6b441f,300,2025-07-14 20:38:33.286194,2025-07-14 20:38:33.287488
687594fde9a683cadf6b4423,300,2025-07-14 20:38:33.384600,2025-07-14 20:38:33.386085
687594fde9a683cadf6b4427,300,2025-07-14 20:38:33.477281,2025-07-14 20:38:33.478506
687594fde9a683cadf6b442b,300,2025-07-14 20:38:33.586545,2025-07-14 20:38:33.587859
687594fee9a683cadf6b442f,300,2025-07-14 20:38:33.681624,2025-07-14 20:38:33.683026
687594fee9a683cadf6b4433,300,2025-07-14 20:38:33.786210,2025-07-14 20:38:33.787532
687594fee9a683cadf6b4437,300,2025-07-14 20:38:33.892901,2025-07-14 20:38:33.896187
687594fee9a683cadf6b443b,300,2025-07-14 20:38:33.986075,2025-07-14 20:38:33.987382
687594fee9a683cadf6b443f,300,2025-07-14 20:38:34.090693,2025-07-14 20:38:34.095041
687594fee9a683cadf6b4443,300,2025-07-14 20:38:34.177626,2025-07-14 20:38:34.178940
687594fee9a683cadf6b4447,300,2025-07-14 20:38:34.279059,2025-07-14 20:38:34.280454
687594fee9a683cadf6b444b,300,2025-07-14 20:38:34.390517,2025-07-14 20:38:34.392816
687594fee9a683cadf6b444f,300,2025-07-14 20:38:34.477334,2025-07-14 20:38:34.478690
687594fee9a683cadf6b4453,300,2025-07-14 20:38:34.578083,2025-07-14 20:38:34.579529
687594ffe9a683cadf6b4457,300,2025-07-14 20:38:34.680455,2025-07-14 20:38:34.681869
687594ffe9a683cadf6b445b,450,2025-07-14 20:38:34.786306,2025-07-14 20:38:34.791585
687594ffe9a683cadf6b4462,300,2025-07-14 20:38:34.977168,2025-07-14 20:38:34.979218
687594ffe9a683cadf6b4466,450,2025-07-14 20:38:35.089032,2025-07-14 20:38:35.090559
687594ffe9a683cadf6b446a,450,2025-07-14 20:38:35.167243,2025-07-14 20:38:35.168700
687594ffe9a683cadf6b446e,450,2025-07-14 20:38:35.277436,2025-07-14 20:38:35.278905
687594ffe9a683cadf6b4472,450,2025-07-14 20:38:35.399645,2025-07-14 20:38:35.400928
687594ffe9a683cadf6b4476,450,2025-07-14 20:38:35.489930,2025-07-14 20:38:35.491303
687594ffe9a683cadf6b447a,450,2025-07-14 20:38:35.576208,2025-07-14 20:38:35.577645
68759500e9a683cadf6b447e,450,2025-07-14 20:38:35.692323,2025-07-14 20:38:35.693850
68759500e9a683cadf6b4482,450,2025-07-14 20:38:35.776571,2025-07-14 20:38:35.778525
68759500e9a683cadf6b4486,450,2025-07-14 20:38:35.888862,2025-07-14 20:38:35.890272
68759500e9a683cadf6b448a,450,2025-07-14 20:38:35.976858,2025-07-14 20:38:35.979825
68759500e9a683cadf6b448e,450,2025-07-14 20:38:36.093234,2025-07-14 20:38:36.094681
68759500e9a683cadf6b4492,450,2025-07-14 20:38:36.167346,2025-07-14 20:38:36.168632
68759500e9a683cadf6b4496,450,2025-07-14 20:38:36.276231,2025-07-14 20:38:36.277533
68759500e9a683cadf6b449a,450,2025-07-14 20:38:36.392974,2025-07-14 20:38:36.394559
68759500e9a683cadf6b44a2,450,2025-07-14 20:38:36.587325,2025-07-14 20:38:36.588630
68759500e9a683cadf6b449e,450,2025-07-14 20:38:36.476396,2025-07-14 20:38:36.477750
68759501e9a683cadf6b44a6,450,2025-07-14 20:38:36.691058,2025-07-14 20:38:36.692473
68759501e9a683cadf6b44aa,450,2025-07-14 20:38:36.776461,2025-07-14 20:38:36.777781
68759501e9a683cadf6b44ae,450,2025-07-14 20:38:36.894692,2025-07-14 20:38:36.896200
68759501e9a683cadf6b44b2,450,2025-07-14 20:38:36.976965,2025-07-14 20:38:36.978285
68759501e9a683cadf6b44b6,450,2025-07-14 20:38:37.077312,2025-07-14 20:38:37.078643
68759501e9a683cadf6b44ba,450,2025-07-14 20:38:37.177187,2025-07-14 20:38:37.179511
68759501e9a683cadf6b44be,450,2025-07-14 20:38:37.294528,2025-07-14 20:38:37.296210
68759501e9a683cadf6b44c2,450,2025-07-14 20:38:37.399428,2025-07-14 20:38:37.401035
68759501e9a683cadf6b44c6,450,2025-07-14 20:38:37.477224,2025-07-14 20:38:37.478519
68759501e9a683cadf6b44ca,450,2025-07-14 20:38:37.603631,2025-07-14 20:38:37.604902
68759502e9a683cadf6b44ce,450,2025-07-14 20:38:37.687925,2025-07-14 20:38:37.689156
68759502e9a683cadf6b44d2,450,2025-07-14 20:38:37.776970,2025-07-14 20:38:37.778261
68759502e9a683cadf6b44d6,450,2025-07-14 20:38:37.887209,2025-07-14 20:38:37.888494
68759502e9a683cadf6b44da,450,2025-07-14 20:38:37.976937,2025-07-14 20:38:37.978256
68759502e9a683cadf6b44de,450,2025-07-14 20:38:38.087789,2025-07-14 20:38:38.089057
68759502e9a683cadf6b44e2,450,2025-07-14 20:38:38.176631,2025-07-14 20:38:38.177959
68759502e9a683cadf6b44e6,450,2025-07-14 20:38:38.292644,2025-07-14 20:38:38.293941
68759502e9a683cadf6b44ea,450,2025-07-14 20:38:38.397655,2025-07-14 20:38:38.399805
68759502e9a683cadf6b44ee,450,2025-07-14 20:38:38.478622,2025-07-14 20:38:38.479945
68759502e9a683cadf6b44f2,450,2025-07-14 20:38:38.601498,2025-07-14 20:38:38.602966
68759503e9a683cadf6b44f6,450,2025-07-14 20:38:38.687923,2025-07-14 20:38:38.689211
68759503e9a683cadf6b44fa,450,2025-07-14 20:38:38.777295,2025-07-14 20:38:38.778675
68759503e9a683cadf6b44fe,450,2025-07-14 20:38:38.896445,2025-07-14 20:38:38.897725
68759503e9a683cadf6b4502,450,2025-07-14 20:38:38.977838,2025-07-14 20:38:38.979142
68759503e9a683cadf6b4506,450,2025-07-14 20:38:39.101041,2025-07-14 20:38:39.102705
68759503e9a683cadf6b450a,450,2025-07-14 20:38:39.177429,2025-07-14 20:38:39.178732
68759503e9a683cadf6b450e,450,2025-07-14 20:38:39.277238,2025-07-14 20:38:39.278505
68759503e9a683cadf6b4512,450,2025-07-14 20:38:39.391915,2025-07-14 20:38:39.393390
68759503e9a683cadf6b4516,450,2025-07-14 20:38:39.489588,2025-07-14 20:38:39.491121
68759503e9a683cadf6b451a,450,2025-07-14 20:38:39.596624,2025-07-14 20:38:39.597918
68759504e9a683cadf6b451e,450,2025-07-14 20:38:39.688366,2025-07-14 20:38:39.689892
68759504e9a683cadf6b4522,450,2025-07-14 20:38:39.777701,2025-07-14 20:38:39.779035
68759504e9a683cadf6b4526,450,2025-07-14 20:38:39.891973,2025-07-14 20:38:39.894390
68759504e9a683cadf6b452a,450,2025-07-14 20:38:39.977390,2025-07-14 20:38:39.978701
68759504e9a683cadf6b452e,450,2025-07-14 20:38:40.109153,2025-07-14 20:38:40.110419
68759504e9a683cadf6b4532,450,2025-07-14 20:38:40.187005,2025-07-14 20:38:40.188607
68759504e9a683cadf6b4536,450,2025-07-14 20:38:40.277830,2025-07-14 20:38:40.279150
68759504e9a683cadf6b453a,450,2025-07-14 20:38:40.389783,2025-07-14 20:38:40.391117
68759504e9a683cadf6b453e,450,2025-07-14 20:38:40.479904,2025-07-14 20:38:40.481190
68759504e9a683cadf6b4542,450,2025-07-14 20:38:40.578078,2025-07-14 20:38:40.579443
68759505e9a683cadf6b4546,450,2025-07-14 20:38:40.686613,2025-07-14 20:38:40.688211
68759505e9a683cadf6b454a,450,2025-07-14 20:38:40.804684,2025-07-14 20:38:40.806375
68759505e9a683cadf6b454e,450,2025-07-14 20:38:40.886096,2025-07-14 20:38:40.887712
68759505e9a683cadf6b4552,450,2025-07-14 20:38:40.997053,2025-07-14 20:38:40.998610
68759505e9a683cadf6b4556,450,2025-07-14 20:38:41.086240,2025-07-14 20:38:41.087689
68759505e9a683cadf6b455a,450,2025-07-14 20:38:41.197216,2025-07-14 20:38:41.198573
68759505e9a683cadf6b455e,450,2025-07-14 20:38:41.286460,2025-07-14 20:38:41.287828
68759505e9a683cadf6b4562,450,2025-07-14 20:38:41.397044,2025-07-14 20:38:41.398395
68759505e9a683cadf6b4566,450,2025-07-14 20:38:41.486345,2025-07-14 20:38:41.487625
68759505e9a683cadf6b456a,450,2025-07-14 20:38:41.597274,2025-07-14 20:38:41.598549
68759506e9a683cadf6b456e,450,2025-07-14 20:38:41.697614,2025-07-14 20:38:41.698854
68759506e9a683cadf6b4572,450,2025-07-14 20:38:41.798232,2025-07-14 20:38:41.802529
68759506e9a683cadf6b4576,450,2025-07-14 20:38:41.902539,2025-07-14 20:38:41.903863
68759506e9a683cadf6b457a,450,2025-07-14 20:38:42.001656,2025-07-14 20:38:42.003011
68759506e9a683cadf6b457e,450,2025-07-14 20:38:42.089043,2025-07-14 20:38:42.090727
68759506e9a683cadf6b4582,450,2025-07-14 20:38:42.202856,2025-07-14 20:38:42.204152
68759506e9a683cadf6b4586,450,2025-07-14 20:38:42.286583,2025-07-14 20:38:42.287904
68759506e9a683cadf6b458a,450,2025-07-14 20:38:42.398447,2025-07-14 20:38:42.399768
68759506e9a683cadf6b458e,450,2025-07-14 20:38:42.487778,2025-07-14 20:38:42.489082
68759506e9a683cadf6b4592,450,2025-07-14 20:38:42.597534,2025-07-14 20:38:42.598718
68759507e9a683cadf6b4596,450,2025-07-14 20:38:42.697915,2025-07-14 20:38:42.699170
68759507e9a683cadf6b459a,450,2025-07-14 20:38:42.797857,2025-07-14 20:38:42.799113
68759507e9a683cadf6b459e,450,2025-07-14 20:38:42.898373,2025-07-14 20:38:42.899717
68759507e9a683cadf6b45a2,450,2025-07-14 20:38:42.997251,2025-07-14 20:38:42.998526
68759507e9a683cadf6b45a6,450,2025-07-14 20:38:43.087982,2025-07-14 20:38:43.089197
68759507e9a683cadf6b45aa,450,2025-07-14 20:38:43.197498,2025-07-14 20:38:43.198814
68759507e9a683cadf6b45ae,450,2025-07-14 20:38:43.287342,2025-07-14 20:38:43.288641
68759507e9a683cadf6b45b2,450,2025-07-14 20:38:43.400964,2025-07-14 20:38:43.402254
68759507e9a683cadf6b45b6,450,2025-07-14 20:38:43.488130,2025-07-14 20:38:43.489439
68759507e9a683cadf6b45ba,450,2025-07-14 20:38:43.614201,2025-07-14 20:38:43.616082
68759508e9a683cadf6b45be,450,2025-07-14 20:38:43.686678,2025-07-14 20:38:43.687955
68759508e9a683cadf6b45c2,450,2025-07-14 20:38:43.786718,2025-07-14 20:38:43.788069
68759508e9a683cadf6b45c6,450,2025-07-14 20:38:43.887137,2025-07-14 20:38:43.888364
68759508e9a683cadf6b45ca,450,2025-07-14 20:38:44.003467,2025-07-14 20:38:44.004732
68759508e9a683cadf6b45ce,450,2025-07-14 20:38:44.088115,2025-07-14 20:38:44.089474
68759508e9a683cadf6b45d2,450,2025-07-14 20:38:44.206979,2025-07-14 20:38:44.208331
68759508e9a683cadf6b45d6,450,2025-07-14 20:38:44.303857,2025-07-14 20:38:44.305316
68759508e9a683cadf6b45da,450,2025-07-14 20:38:44.387875,2025-07-14 20:38:44.389152
68759508e9a683cadf6b45de,450,2025-07-14 20:38:44.497789,2025-07-14 20:38:44.499112
68759508e9a683cadf6b45e2,450,2025-07-14 20:38:44.587059,2025-07-14 20:38:44.588427
68759509e9a683cadf6b45e6,450,2025-07-14 20:38:44.686967,2025-07-14 20:38:44.688325
68759509e9a683cadf6b45ea,450,2025-07-14 20:38:44.787519,2025-07-14 20:38:44.788855
68759509e9a683cadf6b45ee,450,2025-07-14 20:38:44.897853,2025-07-14 20:38:44.899646
68759509e9a683cadf6b45f2,450,2025-07-14 20:38:44.987121,2025-07-14 20:38:44.988381
68759509e9a683cadf6b45f6,450,2025-07-14 20:38:45.087817,2025-07-14 20:38:45.089101
68759509e9a683cadf6b45fa,450,2025-07-14 20:38:45.196526,2025-07-14 20:38:45.197982
68759509e9a683cadf6b45fe,450,2025-07-14 20:38:45.287112,2025-07-14 20:38:45.288344
68759509e9a683cadf6b4602,450,2025-07-14 20:38:45.387206,2025-07-14 20:38:45.388473
68759509e9a683cadf6b4606,450,2025-07-14 20:38:45.504179,2025-07-14 20:38:45.505491
68759509e9a683cadf6b460a,450,2025-07-14 20:38:45.607178,2025-07-14 20:38:45.608521
6875950ae9a683cadf6b460e,450,2025-07-14 20:38:45.707365,2025-07-14 20:38:45.708763
6875950ae9a683cadf6b4612,450,2025-07-14 20:38:45.812132,2025-07-14 20:38:45.815992
6875950ae9a683cadf6b4616,450,2025-07-14 20:38:45.888042,2025-07-14 20:38:45.889315
6875950ae9a683cadf6b461a,450,2025-07-14 20:38:45.987592,2025-07-14 20:38:45.988951
6875950ae9a683cadf6b461e,450,2025-07-14 20:38:46.091874,2025-07-14 20:38:46.093190
6875950ae9a683cadf6b461f,200,2025-07-14 20:38:46.101382,2025-07-14 20:38:46.141964
6875950ae9a683cadf6b4623,450,2025-07-14 20:38:46.196088,2025-07-14 20:38:46.197589
6875950ae9a683cadf6b4627,200,2025-07-14 20:38:46.287148,2025-07-14 20:38:46.288452
6875950ae9a683cadf6b462b,200,2025-07-14 20:38:46.388010,2025-07-14 20:38:46.389309
6875950ae9a683cadf6b462f,200,2025-07-14 20:38:46.496823,2025-07-14 20:38:46.498340
6875950ae9a683cadf6b4633,200,2025-07-14 20:38:46.587560,2025-07-14 20:38:46.588775
6875950be9a683cadf6b4637,200,2025-07-14 20:38:46.688362,2025-07-14 20:38:46.689649
6875950be9a683cadf6b463b,200,2025-07-14 20:38:46.787242,2025-07-14 20:38:46.788527
6875950ce9a683cadf6b463f,200,2025-07-14 20:38:47.963077,2025-07-14 20:38:47.964656
6875950ce9a683cadf6b4643,200,2025-07-14 20:38:48.031530,2025-07-14 20:38:48.032765
6875950ce9a683cadf6b4647,200,2025-07-14 20:38:48.107981,2025-07-14 20:38:48.109207
6875950ce9a683cadf6b464b,200,2025-07-14 20:38:48.207757,2025-07-14 20:38:48.209052
6875950ce9a683cadf6b464f,200,2025-07-14 20:38:48.307635,2025-07-14 20:38:48.308952
6875950ce9a683cadf6b4653,200,2025-07-14 20:38:48.409672,2025-07-14 20:38:48.410942
6875950ce9a683cadf6b4657,200,2025-07-14 20:38:48.508558,2025-07-14 20:38:48.510086
6875950ce9a683cadf6b465b,200,2025-07-14 20:38:48.607582,2025-07-14 20:38:48.608852
6875950de9a683cadf6b465f,200,2025-07-14 20:38:48.708148,2025-07-14 20:38:48.709563
6875950de9a683cadf6b4663,200,2025-07-14 20:38:48.807505,2025-07-14 20:38:48.808765
6875950de9a683cadf6b466f,200,2025-07-14 20:38:49.131129,2025-07-14 20:38:49.132495
6875950de9a683cadf6b466b,200,2025-07-14 20:38:49.011855,2025-07-14 20:38:49.013279
6875950de9a683cadf6b4667,200,2025-07-14 20:38:48.908484,2025-07-14 20:38:48.909753
6875950de9a683cadf6b4673,200,2025-07-14 20:38:49.216704,2025-07-14 20:38:49.218004
6875950de9a683cadf6b4677,200,2025-07-14 20:38:49.328884,2025-07-14 20:38:49.330222
6875950de9a683cadf6b467b,200,2025-07-14 20:38:49.416736,2025-07-14 20:38:49.418053
6875950de9a683cadf6b467f,200,2025-07-14 20:38:49.510021,2025-07-14 20:38:49.511521
6875950de9a683cadf6b4683,200,2025-07-14 20:38:49.628191,2025-07-14 20:38:49.629525
6875950ee9a683cadf6b4687,200,2025-07-14 20:38:49.727361,2025-07-14 20:38:49.728684
6875950ee9a683cadf6b468b,200,2025-07-14 20:38:49.828606,2025-07-14 20:38:49.829928
6875950ee9a683cadf6b468f,200,2025-07-14 20:38:49.927504,2025-07-14 20:38:49.929469
6875950ee9a683cadf6b4693,200,2025-07-14 20:38:50.027468,2025-07-14 20:38:50.028746
6875950ee9a683cadf6b4697,200,2025-07-14 20:38:50.134123,2025-07-14 20:38:50.135426
6875950ee9a683cadf6b469b,200,2025-07-14 20:38:50.227559,2025-07-14 20:38:50.228858
6875950ee9a683cadf6b469f,200,2025-07-14 20:38:50.331249,2025-07-14 20:38:50.332628
6875950ee9a683cadf6b46a3,200,2025-07-14 20:38:50.427652,2025-07-14 20:38:50.429144
6875950ee9a683cadf6b46a7,200,2025-07-14 20:38:50.530006,2025-07-14 20:38:50.531816
6875950ee9a683cadf6b46ab,200,2025-07-14 20:38:50.632195,2025-07-14 20:38:50.633861
6875950fe9a683cadf6b46af,200,2025-07-14 20:38:50.732063,2025-07-14 20:38:50.734701
6875950fe9a683cadf6b46b3,200,2025-07-14 20:38:50.837637,2025-07-14 20:38:50.838974
6875950fe9a683cadf6b46b7,200,2025-07-14 20:38:50.934646,2025-07-14 20:38:50.936515
6875950fe9a683cadf6b46bb,200,2025-07-14 20:38:51.018929,2025-07-14 20:38:51.020253
6875950fe9a683cadf6b46bf,200,2025-07-14 20:38:51.141696,2025-07-14 20:38:51.144834
6875950fe9a683cadf6b46c3,200,2025-07-14 20:38:51.227365,2025-07-14 20:38:51.228674
6875950fe9a683cadf6b46c7,200,2025-07-14 20:38:51.330511,2025-07-14 20:38:51.332976
6875950fe9a683cadf6b46cb,200,2025-07-14 20:38:51.417435,2025-07-14 20:38:51.418738
6875950fe9a683cadf6b46cf,200,2025-07-14 20:38:51.527733,2025-07-14 20:38:51.529069
6875950fe9a683cadf6b46d3,200,2025-07-14 20:38:51.633480,2025-07-14 20:38:51.634778
68759510e9a683cadf6b46d7,200,2025-07-14 20:38:51.730284,2025-07-14 20:38:51.731725
68759510e9a683cadf6b46db,200,2025-07-14 20:38:51.817145,2025-07-14 20:38:51.818432
68759510e9a683cadf6b46df,200,2025-07-14 20:38:51.927995,2025-07-14 20:38:51.929525
68759510e9a683cadf6b46e3,200,2025-07-14 20:38:52.034217,2025-07-14 20:38:52.035789
68759510e9a683cadf6b46e7,200,2025-07-14 20:38:52.136655,2025-07-14 20:38:52.137897
68759510e9a683cadf6b46eb,200,2025-07-14 20:38:52.227386,2025-07-14 20:38:52.228928
68759510e9a683cadf6b46ef,200,2025-07-14 20:38:52.333527,2025-07-14 20:38:52.335006
68759510e9a683cadf6b46f3,200,2025-07-14 20:38:52.436919,2025-07-14 20:38:52.438226
68759510e9a683cadf6b46f7,200,2025-07-14 20:38:52.518474,2025-07-14 20:38:52.520276
68759510e9a683cadf6b46fb,200,2025-07-14 20:38:52.627332,2025-07-14 20:38:52.628881
68759511e9a683cadf6b46ff,200,2025-07-14 20:38:52.727458,2025-07-14 20:38:52.728948
68759511e9a683cadf6b4703,200,2025-07-14 20:38:52.828523,2025-07-14 20:38:52.831303
68759511e9a683cadf6b4707,200,2025-07-14 20:38:52.938004,2025-07-14 20:38:52.939316
68759511e9a683cadf6b470b,200,2025-07-14 20:38:53.023942,2025-07-14 20:38:53.026814
68759511e9a683cadf6b470f,200,2025-07-14 20:38:53.152538,2025-07-14 20:38:53.153871
68759511e9a683cadf6b4713,200,2025-07-14 20:38:53.238835,2025-07-14 20:38:53.240150
68759511e9a683cadf6b4717,200,2025-07-14 20:38:53.328841,2025-07-14 20:38:53.330495
68759511e9a683cadf6b471b,200,2025-07-14 20:38:53.437843,2025-07-14 20:38:53.439141
68759511e9a683cadf6b471f,200,2025-07-14 20:38:53.546897,2025-07-14 20:38:53.548453
68759511e9a683cadf6b4723,200,2025-07-14 20:38:53.628909,2025-07-14 20:38:53.630872
68759512e9a683cadf6b4727,200,2025-07-14 20:38:53.732639,2025-07-14 20:38:53.734663
68759512e9a683cadf6b472b,200,2025-07-14 20:38:53.854960,2025-07-14 20:38:53.857830
68759512e9a683cadf6b472f,200,2025-07-14 20:38:53.937461,2025-07-14 20:38:53.938743
68759512e9a683cadf6b4733,200,2025-07-14 20:38:54.052549,2025-07-14 20:38:54.054518
68759512e9a683cadf6b4737,200,2025-07-14 20:38:54.143603,2025-07-14 20:38:54.145127
68759512e9a683cadf6b473b,200,2025-07-14 20:38:54.249833,2025-07-14 20:38:54.252389
68759512e9a683cadf6b473f,200,2025-07-14 20:38:54.350467,2025-07-14 20:38:54.356524
68759512e9a683cadf6b4743,200,2025-07-14 20:38:54.440169,2025-07-14 20:38:54.441493
68759512e9a683cadf6b4747,200,2025-07-14 20:38:54.546664,2025-07-14 20:38:54.548220
68759512e9a683cadf6b474b,200,2025-07-14 20:38:54.646360,2025-07-14 20:38:54.648151
68759513e9a683cadf6b474f,200,2025-07-14 20:38:54.749522,2025-07-14 20:38:54.750925
68759513e9a683cadf6b4753,200,2025-07-14 20:38:54.849811,2025-07-14 20:38:54.855296
68759513e9a683cadf6b4757,200,2025-07-14 20:38:54.953120,2025-07-14 20:38:54.954843
68759513e9a683cadf6b475b,200,2025-07-14 20:38:55.048508,2025-07-14 20:38:55.051038
68759513e9a683cadf6b475f,200,2025-07-14 20:38:55.148088,2025-07-14 20:38:55.149783
68759513e9a683cadf6b4763,200,2025-07-14 20:38:55.237142,2025-07-14 20:38:55.238573
68759513e9a683cadf6b4767,200,2025-07-14 20:38:55.346722,2025-07-14 20:38:55.348292
68759513e9a683cadf6b476b,200,2025-07-14 20:38:55.452209,2025-07-14 20:38:55.454313
68759513e9a683cadf6b476f,200,2025-07-14 20:38:55.528000,2025-07-14 20:38:55.529274
68759513e9a683cadf6b4773,200,2025-07-14 20:38:55.638372,2025-07-14 20:38:55.639681
68759514e9a683cadf6b4777,200,2025-07-14 20:38:55.746382,2025-07-14 20:38:55.747724
68759514e9a683cadf6b477b,200,2025-07-14 20:38:55.826916,2025-07-14 20:38:55.828234
68759514e9a683cadf6b477f,200,2025-07-14 20:38:55.947826,2025-07-14 20:38:55.949544
68759514e9a683cadf6b4783,200,2025-07-14 20:38:56.046625,2025-07-14 20:38:56.047866
68759514e9a683cadf6b4787,200,2025-07-14 20:38:56.126802,2025-07-14 20:38:56.128056
68759514e9a683cadf6b478b,200,2025-07-14 20:38:56.243002,2025-07-14 20:38:56.244346
68759514e9a683cadf6b478f,200,2025-07-14 20:38:56.347015,2025-07-14 20:38:56.348326
68759514e9a683cadf6b4793,200,2025-07-14 20:38:56.446465,2025-07-14 20:38:56.447766
68759514e9a683cadf6b4797,200,2025-07-14 20:38:56.538641,2025-07-14 20:38:56.540959
68759514e9a683cadf6b479b,200,2025-07-14 20:38:56.648125,2025-07-14 20:38:56.649409
68759515e9a683cadf6b479f,200,2025-07-14 20:38:56.747281,2025-07-14 20:38:56.748608
68759515e9a683cadf6b47a3,200,2025-07-14 20:38:56.847243,2025-07-14 20:38:56.848525
68759515e9a683cadf6b47a7,200,2025-07-14 20:38:56.952422,2025-07-14 20:38:56.953967
68759515e9a683cadf6b47ab,200,2025-07-14 20:38:57.046653,2025-07-14 20:38:57.047964
68759515e9a683cadf6b47af,200,2025-07-14 20:38:57.144151,2025-07-14 20:38:57.145522
68759515e9a683cadf6b47b3,200,2025-07-14 20:38:57.239609,2025-07-14 20:38:57.240951
68759515e9a683cadf6b47b7,200,2025-07-14 20:38:57.346896,2025-07-14 20:38:57.348179
68759515e9a683cadf6b47bb,200,2025-07-14 20:38:57.451962,2025-07-14 20:38:57.453918
68759515e9a683cadf6b47bf,200,2025-07-14 20:38:57.551978,2025-07-14 20:38:57.553492
68759515e9a683cadf6b47c3,200,2025-07-14 20:38:57.638593,2025-07-14 20:38:57.640209
68759516e9a683cadf6b47c7,200,2025-07-14 20:38:57.752862,2025-07-14 20:38:57.754437
68759516e9a683cadf6b47cb,200,2025-07-14 20:38:57.853209,2025-07-14 20:38:57.854726
68759516e9a683cadf6b47cf,200,2025-07-14 20:38:57.947088,2025-07-14 20:38:57.948361
68759516e9a683cadf6b47d3,200,2025-07-14 20:38:58.046775,2025-07-14 20:38:58.048013
68759516e9a683cadf6b47d7,300,2025-07-14 20:38:58.100625,2025-07-14 20:38:58.159191
68759516e9a683cadf6b47de,200,2025-07-14 20:38:58.348794,2025-07-14 20:38:58.350213
68759516e9a683cadf6b47e2,300,2025-07-14 20:38:58.457181,2025-07-14 20:38:58.458613
68759516e9a683cadf6b47e6,300,2025-07-14 20:38:58.560168,2025-07-14 20:38:58.561605
68759516e9a683cadf6b47ea,300,2025-07-14 20:38:58.650599,2025-07-14 20:38:58.652720
68759517e9a683cadf6b47ee,300,2025-07-14 20:38:58.759327,2025-07-14 20:38:58.760657
68759517e9a683cadf6b47f2,300,2025-07-14 20:38:58.853199,2025-07-14 20:38:58.854664
68759517e9a683cadf6b47f6,300,2025-07-14 20:38:58.963817,2025-07-14 20:38:58.965148
68759517e9a683cadf6b47fa,300,2025-07-14 20:38:59.050113,2025-07-14 20:38:59.052201
68759517e9a683cadf6b47fe,300,2025-07-14 20:38:59.149922,2025-07-14 20:38:59.151307
68759517e9a683cadf6b4802,300,2025-07-14 20:38:59.263144,2025-07-14 20:38:59.264425
68759517e9a683cadf6b4806,300,2025-07-14 20:38:59.347782,2025-07-14 20:38:59.349097
68759517e9a683cadf6b480a,300,2025-07-14 20:38:59.454093,2025-07-14 20:38:59.455559
68759517e9a683cadf6b480e,300,2025-07-14 20:38:59.556814,2025-07-14 20:38:59.558177
68759517e9a683cadf6b4812,300,2025-07-14 20:38:59.658238,2025-07-14 20:38:59.660062
68759518e9a683cadf6b4816,300,2025-07-14 20:38:59.765196,2025-07-14 20:38:59.766817
68759518e9a683cadf6b481a,300,2025-07-14 20:38:59.854028,2025-07-14 20:38:59.855770
68759518e9a683cadf6b481e,300,2025-07-14 20:38:59.962013,2025-07-14 20:38:59.963736
68759518e9a683cadf6b4822,300,2025-07-14 20:39:00.055925,2025-07-14 20:39:00.057162
68759518e9a683cadf6b4826,300,2025-07-14 20:39:00.150529,2025-07-14 20:39:00.153056
68759518e9a683cadf6b482a,300,2025-07-14 20:39:00.236388,2025-07-14 20:39:00.237778
68759518e9a683cadf6b482e,300,2025-07-14 20:39:00.356495,2025-07-14 20:39:00.357882
68759518e9a683cadf6b4832,300,2025-07-14 20:39:00.447368,2025-07-14 20:39:00.448608
68759518e9a683cadf6b4836,300,2025-07-14 20:39:00.551674,2025-07-14 20:39:00.554104
68759518e9a683cadf6b483a,300,2025-07-14 20:39:00.650883,2025-07-14 20:39:00.653033
68759519e9a683cadf6b483e,300,2025-07-14 20:39:00.750176,2025-07-14 20:39:00.753677
68759519e9a683cadf6b4842,300,2025-07-14 20:39:00.836894,2025-07-14 20:39:00.838232
68759519e9a683cadf6b4846,300,2025-07-14 20:39:00.950022,2025-07-14 20:39:00.951524
68759519e9a683cadf6b484a,300,2025-07-14 20:39:01.048367,2025-07-14 20:39:01.049664
68759519e9a683cadf6b484e,300,2025-07-14 20:39:01.154176,2025-07-14 20:39:01.155479
68759519e9a683cadf6b4852,300,2025-07-14 20:39:01.248294,2025-07-14 20:39:01.249594
68759519e9a683cadf6b4856,300,2025-07-14 20:39:01.356181,2025-07-14 20:39:01.357507
6875951ae9a683cadf6b485a,300,2025-07-14 20:39:01.447272,2025-07-14 20:39:01.448567
6875951ae9a683cadf6b485e,300,2025-07-14 20:39:01.549476,2025-07-14 20:39:01.551502
6875951ae9a683cadf6b4862,300,2025-07-14 20:39:01.649188,2025-07-14 20:39:01.650654
6875951ae9a683cadf6b4866,300,2025-07-14 20:39:01.763312,2025-07-14 20:39:01.765672
6875951ae9a683cadf6b486a,300,2025-07-14 20:39:01.856713,2025-07-14 20:39:01.858003
6875951ae9a683cadf6b486e,300,2025-07-14 20:39:01.962231,2025-07-14 20:39:01.964232
6875951ae9a683cadf6b4872,300,2025-07-14 20:39:02.058442,2025-07-14 20:39:02.060965
6875951ae9a683cadf6b4876,300,2025-07-14 20:39:02.159728,2025-07-14 20:39:02.160972
6875951ae9a683cadf6b487a,300,2025-07-14 20:39:02.267890,2025-07-14 20:39:02.269159
6875951ae9a683cadf6b487e,300,2025-07-14 20:39:02.368856,2025-07-14 20:39:02.370430
6875951ae9a683cadf6b4882,300,2025-07-14 20:39:02.476198,2025-07-14 20:39:02.477688
6875951ae9a683cadf6b4886,300,2025-07-14 20:39:02.568311,2025-07-14 20:39:02.569620
6875951ae9a683cadf6b488a,300,2025-07-14 20:39:02.669235,2025-07-14 20:39:02.670827
6875951be9a683cadf6b488e,300,2025-07-14 20:39:02.747852,2025-07-14 20:39:02.749280
6875951be9a683cadf6b4892,300,2025-07-14 20:39:02.872221,2025-07-14 20:39:02.874930
6875951be9a683cadf6b4896,300,2025-07-14 20:39:02.974257,2025-07-14 20:39:02.976562
6875951be9a683cadf6b489a,300,2025-07-14 20:39:03.067793,2025-07-14 20:39:03.069179
6875951be9a683cadf6b489e,300,2025-07-14 20:39:03.167557,2025-07-14 20:39:03.169174
6875951be9a683cadf6b48a2,300,2025-07-14 20:39:03.262762,2025-07-14 20:39:03.264239
6875951be9a683cadf6b48a6,300,2025-07-14 20:39:03.346038,2025-07-14 20:39:03.347746
6875951be9a683cadf6b48aa,300,2025-07-14 20:39:03.469242,2025-07-14 20:39:03.470727
6875951be9a683cadf6b48ae,300,2025-07-14 20:39:03.574125,2025-07-14 20:39:03.577126
6875951ce9a683cadf6b48b2,300,2025-07-14 20:39:03.669027,2025-07-14 20:39:03.671083
6875951ce9a683cadf6b48b6,300,2025-07-14 20:39:03.749912,2025-07-14 20:39:03.751594
6875951ce9a683cadf6b48ba,300,2025-07-14 20:39:03.857416,2025-07-14 20:39:03.858656
6875951ce9a683cadf6b48be,300,2025-07-14 20:39:03.968821,2025-07-14 20:39:03.970334
6875951ce9a683cadf6b48c2,300,2025-07-14 20:39:04.075492,2025-07-14 20:39:04.077408
6875951ce9a683cadf6b48c6,300,2025-07-14 20:39:04.162029,2025-07-14 20:39:04.163865
6875951ce9a683cadf6b48ca,300,2025-07-14 20:39:04.259026,2025-07-14 20:39:04.260313
6875951ce9a683cadf6b48ce,300,2025-07-14 20:39:04.366740,2025-07-14 20:39:04.368213
6875951ce9a683cadf6b48d2,300,2025-07-14 20:39:04.471747,2025-07-14 20:39:04.474252
6875951ce9a683cadf6b48d6,300,2025-07-14 20:39:04.560610,2025-07-14 20:39:04.562131
6875951ce9a683cadf6b48da,300,2025-07-14 20:39:04.663608,2025-07-14 20:39:04.664854
6875951de9a683cadf6b48de,300,2025-07-14 20:39:04.766233,2025-07-14 20:39:04.767628
6875951de9a683cadf6b48e2,300,2025-07-14 20:39:04.847111,2025-07-14 20:39:04.848386
6875951de9a683cadf6b48e6,300,2025-07-14 20:39:04.975739,2025-07-14 20:39:04.977571
6875951de9a683cadf6b48ea,300,2025-07-14 20:39:05.070198,2025-07-14 20:39:05.072894
6875951de9a683cadf6b48ee,300,2025-07-14 20:39:05.146756,2025-07-14 20:39:05.148030
6875951de9a683cadf6b48f2,300,2025-07-14 20:39:05.258392,2025-07-14 20:39:05.259629
6875951de9a683cadf6b48f6,300,2025-07-14 20:39:05.367120,2025-07-14 20:39:05.368742
6875951de9a683cadf6b48fa,300,2025-07-14 20:39:05.472623,2025-07-14 20:39:05.474927
6875951de9a683cadf6b48fe,300,2025-07-14 20:39:05.566230,2025-07-14 20:39:05.567578
6875951de9a683cadf6b4902,300,2025-07-14 20:39:05.646702,2025-07-14 20:39:05.647970
6875951ee9a683cadf6b4906,300,2025-07-14 20:39:05.777083,2025-07-14 20:39:05.779396
6875951ee9a683cadf6b490a,300,2025-07-14 20:39:05.866469,2025-07-14 20:39:05.867815
6875951ee9a683cadf6b490e,300,2025-07-14 20:39:05.973947,2025-07-14 20:39:05.975571
6875951ee9a683cadf6b4912,300,2025-07-14 20:39:06.073580,2025-07-14 20:39:06.074953
6875951ee9a683cadf6b4916,300,2025-07-14 20:39:06.166196,2025-07-14 20:39:06.167438
6875951ee9a683cadf6b491a,300,2025-07-14 20:39:06.263408,2025-07-14 20:39:06.265141
6875951ee9a683cadf6b491e,300,2025-07-14 20:39:06.369143,2025-07-14 20:39:06.372525
6875951ee9a683cadf6b4922,300,2025-07-14 20:39:06.466634,2025-07-14 20:39:06.467924
6875951ee9a683cadf6b4926,300,2025-07-14 20:39:06.575174,2025-07-14 20:39:06.576497
6875951fe9a683cadf6b492a,300,2025-07-14 20:39:06.686396,2025-07-14 20:39:06.687811
6875951fe9a683cadf6b492e,300,2025-07-14 20:39:06.775979,2025-07-14 20:39:06.777337
6875951fe9a683cadf6b4932,300,2025-07-14 20:39:06.867074,2025-07-14 20:39:06.868506
6875951fe9a683cadf6b4936,300,2025-07-14 20:39:06.971038,2025-07-14 20:39:06.974576
6875951fe9a683cadf6b493a,300,2025-07-14 20:39:07.062501,2025-07-14 20:39:07.065125
6875951fe9a683cadf6b493e,300,2025-07-14 20:39:07.166574,2025-07-14 20:39:07.167850
6875951fe9a683cadf6b4942,300,2025-07-14 20:39:07.269201,2025-07-14 20:39:07.270439
6875951fe9a683cadf6b4946,300,2025-07-14 20:39:07.370290,2025-07-14 20:39:07.372368
6875951fe9a683cadf6b494a,300,2025-07-14 20:39:07.474600,2025-07-14 20:39:07.476466
6875951fe9a683cadf6b494e,300,2025-07-14 20:39:07.571755,2025-07-14 20:39:07.574440
68759520e9a683cadf6b4952,300,2025-07-14 20:39:07.681359,2025-07-14 20:39:07.683479
68759520e9a683cadf6b4956,300,2025-07-14 20:39:07.766581,2025-07-14 20:39:07.767896
68759520e9a683cadf6b495a,300,2025-07-14 20:39:07.869022,2025-07-14 20:39:07.870863
68759520e9a683cadf6b495e,300,2025-07-14 20:39:07.973266,2025-07-14 20:39:07.974797
68759520e9a683cadf6b4962,300,2025-07-14 20:39:08.077865,2025-07-14 20:39:08.079223
68759520e9a683cadf6b4966,300,2025-07-14 20:39:08.166851,2025-07-14 20:39:08.168117
68759520e9a683cadf6b496a,300,2025-07-14 20:39:08.275313,2025-07-14 20:39:08.276915
68759520e9a683cadf6b496e,300,2025-07-14 20:39:08.367482,2025-07-14 20:39:08.368776
68759520e9a683cadf6b4972,300,2025-07-14 20:39:08.477992,2025-07-14 20:39:08.479368
68759520e9a683cadf6b4976,300,2025-07-14 20:39:08.569962,2025-07-14 20:39:08.571492
68759521e9a683cadf6b497a,300,2025-07-14 20:39:08.678212,2025-07-14 20:39:08.680436
68759521e9a683cadf6b497e,300,2025-07-14 20:39:08.779819,2025-07-14 20:39:08.781085
68759521e9a683cadf6b4982,300,2025-07-14 20:39:08.873438,2025-07-14 20:39:08.875467
68759521e9a683cadf6b4986,300,2025-07-14 20:39:08.968474,2025-07-14 20:39:08.969688
68759521e9a683cadf6b498a,300,2025-07-14 20:39:09.077303,2025-07-14 20:39:09.078671
68759521e9a683cadf6b498e,300,2025-07-14 20:39:09.178438,2025-07-14 20:39:09.179906
68759521e9a683cadf6b4992,300,2025-07-14 20:39:09.269504,2025-07-14 20:39:09.270980
68759521e9a683cadf6b4996,300,2025-07-14 20:39:09.371707,2025-07-14 20:39:09.372997
68759521e9a683cadf6b499a,300,2025-07-14 20:39:09.482167,2025-07-14 20:39:09.484320
68759521e9a683cadf6b499e,300,2025-07-14 20:39:09.572088,2025-07-14 20:39:09.573496
68759522e9a683cadf6b49a2,300,2025-07-14 20:39:09.684274,2025-07-14 20:39:09.685740
68759522e9a683cadf6b49a6,300,2025-07-14 20:39:09.767089,2025-07-14 20:39:09.768343
68759522e9a683cadf6b49aa,300,2025-07-14 20:39:09.868066,2025-07-14 20:39:09.869376
68759522e9a683cadf6b49ae,300,2025-07-14 20:39:09.978436,2025-07-14 20:39:09.980079
68759522e9a683cadf6b49b2,400,2025-07-14 20:39:10.029826,2025-07-14 20:39:10.091360
68759522e9a683cadf6b49b9,300,2025-07-14 20:39:10.277133,2025-07-14 20:39:10.278487
68759522e9a683cadf6b49bd,400,2025-07-14 20:39:10.368095,2025-07-14 20:39:10.369306
68759522e9a683cadf6b49c1,400,2025-07-14 20:39:10.467573,2025-07-14 20:39:10.468786
68759522e9a683cadf6b49c5,400,2025-07-14 20:39:10.576833,2025-07-14 20:39:10.578209
68759523e9a683cadf6b49c9,400,2025-07-14 20:39:10.678297,2025-07-14 20:39:10.679819
68759523e9a683cadf6b49cd,400,2025-07-14 20:39:10.776266,2025-07-14 20:39:10.777509
68759523e9a683cadf6b49d1,400,2025-07-14 20:39:10.882878,2025-07-14 20:39:10.884747
68759523e9a683cadf6b49d5,400,2025-07-14 20:39:10.969445,2025-07-14 20:39:10.970779
68759523e9a683cadf6b49d9,400,2025-07-14 20:39:11.072828,2025-07-14 20:39:11.074855
68759523e9a683cadf6b49dd,400,2025-07-14 20:39:11.176689,2025-07-14 20:39:11.178016
68759523e9a683cadf6b49e1,400,2025-07-14 20:39:11.270580,2025-07-14 20:39:11.272234
68759523e9a683cadf6b49e5,400,2025-07-14 20:39:11.369934,2025-07-14 20:39:11.371279
68759523e9a683cadf6b49e9,400,2025-07-14 20:39:11.479260,2025-07-14 20:39:11.480676
68759523e9a683cadf6b49ed,400,2025-07-14 20:39:11.576591,2025-07-14 20:39:11.577888
68759524e9a683cadf6b49f1,400,2025-07-14 20:39:11.687971,2025-07-14 20:39:11.689309
68759524e9a683cadf6b49f5,400,2025-07-14 20:39:11.766239,2025-07-14 20:39:11.767599
68759524e9a683cadf6b49f9,400,2025-07-14 20:39:11.883680,2025-07-14 20:39:11.885236
68759524e9a683cadf6b49fd,400,2025-07-14 20:39:11.968495,2025-07-14 20:39:11.969753
68759524e9a683cadf6b4a01,400,2025-07-14 20:39:12.075988,2025-07-14 20:39:12.077657
68759524e9a683cadf6b4a05,400,2025-07-14 20:39:12.177987,2025-07-14 20:39:12.179412
68759524e9a683cadf6b4a09,400,2025-07-14 20:39:12.291934,2025-07-14 20:39:12.293539
68759524e9a683cadf6b4a0d,400,2025-07-14 20:39:12.366582,2025-07-14 20:39:12.368226
68759524e9a683cadf6b4a11,400,2025-07-14 20:39:12.483850,2025-07-14 20:39:12.485418
68759524e9a683cadf6b4a15,400,2025-07-14 20:39:12.589604,2025-07-14 20:39:12.591070
68759525e9a683cadf6b4a19,400,2025-07-14 20:39:12.679278,2025-07-14 20:39:12.681446
68759525e9a683cadf6b4a1d,400,2025-07-14 20:39:12.787847,2025-07-14 20:39:12.789178
68759525e9a683cadf6b4a21,400,2025-07-14 20:39:12.896927,2025-07-14 20:39:12.898203
68759525e9a683cadf6b4a25,400,2025-07-14 20:39:12.979152,2025-07-14 20:39:12.981738
68759525e9a683cadf6b4a29,400,2025-07-14 20:39:13.093731,2025-07-14 20:39:13.095065
68759525e9a683cadf6b4a2d,400,2025-07-14 20:39:13.167295,2025-07-14 20:39:13.168737
68759525e9a683cadf6b4a31,400,2025-07-14 20:39:13.280539,2025-07-14 20:39:13.282930
68759525e9a683cadf6b4a35,400,2025-07-14 20:39:13.387357,2025-07-14 20:39:13.388778
68759525e9a683cadf6b4a39,400,2025-07-14 20:39:13.477120,2025-07-14 20:39:13.478324
68759525e9a683cadf6b4a3d,400,2025-07-14 20:39:13.584308,2025-07-14 20:39:13.586057
68759526e9a683cadf6b4a41,400,2025-07-14 20:39:13.677554,2025-07-14 20:39:13.678854
68759526e9a683cadf6b4a45,400,2025-07-14 20:39:13.768531,2025-07-14 20:39:13.770343
68759526e9a683cadf6b4a49,400,2025-07-14 20:39:13.884078,2025-07-14 20:39:13.885481
68759526e9a683cadf6b4a4d,400,2025-07-14 20:39:13.967456,2025-07-14 20:39:13.969394
68759526e9a683cadf6b4a51,400,2025-07-14 20:39:14.084932,2025-07-14 20:39:14.087571
68759526e9a683cadf6b4a55,400,2025-07-14 20:39:14.189712,2025-07-14 20:39:14.191294
68759526e9a683cadf6b4a59,400,2025-07-14 20:39:14.266593,2025-07-14 20:39:14.267931
68759526e9a683cadf6b4a5d,400,2025-07-14 20:39:14.377360,2025-07-14 20:39:14.378626
68759526e9a683cadf6b4a61,400,2025-07-14 20:39:14.488612,2025-07-14 20:39:14.490194
68759526e9a683cadf6b4a65,400,2025-07-14 20:39:14.579754,2025-07-14 20:39:14.581078
68759527e9a683cadf6b4a69,400,2025-07-14 20:39:14.682997,2025-07-14 20:39:14.684394
68759527e9a683cadf6b4a6d,400,2025-07-14 20:39:14.793468,2025-07-14 20:39:14.795091
68759527e9a683cadf6b4a71,400,2025-07-14 20:39:14.866680,2025-07-14 20:39:14.867977
68759527e9a683cadf6b4a75,400,2025-07-14 20:39:14.987556,2025-07-14 20:39:14.989159
68759527e9a683cadf6b4a79,400,2025-07-14 20:39:15.081070,2025-07-14 20:39:15.082682
68759527e9a683cadf6b4a7d,400,2025-07-14 20:39:15.166595,2025-07-14 20:39:15.167892
68759527e9a683cadf6b4a81,400,2025-07-14 20:39:15.292997,2025-07-14 20:39:15.295997
68759527e9a683cadf6b4a85,400,2025-07-14 20:39:15.387390,2025-07-14 20:39:15.389028
68759527e9a683cadf6b4a89,400,2025-07-14 20:39:15.483768,2025-07-14 20:39:15.485123
68759527e9a683cadf6b4a8d,400,2025-07-14 20:39:15.582829,2025-07-14 20:39:15.585190
68759528e9a683cadf6b4a91,400,2025-07-14 20:39:15.678040,2025-07-14 20:39:15.679313
68759528e9a683cadf6b4a95,400,2025-07-14 20:39:15.779072,2025-07-14 20:39:15.780556
68759528e9a683cadf6b4a99,400,2025-07-14 20:39:15.886743,2025-07-14 20:39:15.888173
68759528e9a683cadf6b4a9d,400,2025-07-14 20:39:15.977082,2025-07-14 20:39:15.978308
68759528e9a683cadf6b4aa1,400,2025-07-14 20:39:16.083131,2025-07-14 20:39:16.084686
68759528e9a683cadf6b4aa5,400,2025-07-14 20:39:16.186147,2025-07-14 20:39:16.187456
68759528e9a683cadf6b4aa9,400,2025-07-14 20:39:16.277218,2025-07-14 20:39:16.278521
68759528e9a683cadf6b4aad,400,2025-07-14 20:39:16.386485,2025-07-14 20:39:16.387831
68759528e9a683cadf6b4ab1,400,2025-07-14 20:39:16.477992,2025-07-14 20:39:16.479318
68759528e9a683cadf6b4ab5,400,2025-07-14 20:39:16.593587,2025-07-14 20:39:16.595678
68759529e9a683cadf6b4ab9,400,2025-07-14 20:39:16.688273,2025-07-14 20:39:16.689622
68759529e9a683cadf6b4abd,400,2025-07-14 20:39:16.777571,2025-07-14 20:39:16.778893
68759529e9a683cadf6b4ac1,400,2025-07-14 20:39:16.887174,2025-07-14 20:39:16.889081
68759529e9a683cadf6b4ac5,400,2025-07-14 20:39:16.978139,2025-07-14 20:39:16.979399
68759529e9a683cadf6b4ac9,400,2025-07-14 20:39:17.087805,2025-07-14 20:39:17.089068
68759529e9a683cadf6b4acd,400,2025-07-14 20:39:17.186647,2025-07-14 20:39:17.188375
68759529e9a683cadf6b4ad1,400,2025-07-14 20:39:17.277719,2025-07-14 20:39:17.279085
68759529e9a683cadf6b4ad5,400,2025-07-14 20:39:17.390574,2025-07-14 20:39:17.391997
68759529e9a683cadf6b4ad9,400,2025-07-14 20:39:17.477506,2025-07-14 20:39:17.478932
68759529e9a683cadf6b4add,400,2025-07-14 20:39:17.588834,2025-07-14 20:39:17.590697
6875952ae9a683cadf6b4ae1,400,2025-07-14 20:39:17.688202,2025-07-14 20:39:17.689682
6875952ae9a683cadf6b4ae5,400,2025-07-14 20:39:17.777920,2025-07-14 20:39:17.779415
6875952ae9a683cadf6b4ae9,400,2025-07-14 20:39:17.877768,2025-07-14 20:39:17.879301
6875952ae9a683cadf6b4aed,400,2025-07-14 20:39:17.977424,2025-07-14 20:39:17.979919
6875952ae9a683cadf6b4af1,400,2025-07-14 20:39:18.092660,2025-07-14 20:39:18.094320
6875952ae9a683cadf6b4af5,400,2025-07-14 20:39:18.188727,2025-07-14 20:39:18.190102
6875952ae9a683cadf6b4af9,400,2025-07-14 20:39:18.278952,2025-07-14 20:39:18.280869
6875952ae9a683cadf6b4afd,400,2025-07-14 20:39:18.388050,2025-07-14 20:39:18.389326
6875952ae9a683cadf6b4b01,400,2025-07-14 20:39:18.476434,2025-07-14 20:39:18.477949
6875952ae9a683cadf6b4b05,400,2025-07-14 20:39:18.589633,2025-07-14 20:39:18.592356
6875952be9a683cadf6b4b09,400,2025-07-14 20:39:18.691817,2025-07-14 20:39:18.693190
6875952be9a683cadf6b4b0d,400,2025-07-14 20:39:18.776774,2025-07-14 20:39:18.778264
6875952be9a683cadf6b4b11,400,2025-07-14 20:39:18.887552,2025-07-14 20:39:18.888828
6875952be9a683cadf6b4b15,400,2025-07-14 20:39:18.976202,2025-07-14 20:39:18.977622
6875952be9a683cadf6b4b19,400,2025-07-14 20:39:19.089039,2025-07-14 20:39:19.091647
6875952be9a683cadf6b4b1d,400,2025-07-14 20:39:19.176651,2025-07-14 20:39:19.178037
6875952be9a683cadf6b4b21,400,2025-07-14 20:39:19.287579,2025-07-14 20:39:19.288829
6875952be9a683cadf6b4b25,400,2025-07-14 20:39:19.376525,2025-07-14 20:39:19.378085
6875952be9a683cadf6b4b29,400,2025-07-14 20:39:19.487870,2025-07-14 20:39:19.489157
6875952be9a683cadf6b4b2d,400,2025-07-14 20:39:19.576124,2025-07-14 20:39:19.577407
6875952ce9a683cadf6b4b31,400,2025-07-14 20:39:19.687328,2025-07-14 20:39:19.688621
6875952ce9a683cadf6b4b35,400,2025-07-14 20:39:19.776466,2025-07-14 20:39:19.778136
6875952ce9a683cadf6b4b39,400,2025-07-14 20:39:19.876876,2025-07-14 20:39:19.878070
6875952ce9a683cadf6b4b3d,400,2025-07-14 20:39:19.977245,2025-07-14 20:39:19.978786
6875952ce9a683cadf6b4b41,400,2025-07-14 20:39:20.087413,2025-07-14 20:39:20.088770
6875952ce9a683cadf6b4b45,400,2025-07-14 20:39:20.176750,2025-07-14 20:39:20.178062
6875952ce9a683cadf6b4b49,400,2025-07-14 20:39:20.287285,2025-07-14 20:39:20.288545
6875952ce9a683cadf6b4b4d,400,2025-07-14 20:39:20.376833,2025-07-14 20:39:20.378170
6875952ce9a683cadf6b4b51,400,2025-07-14 20:39:20.487199,2025-07-14 20:39:20.488444
6875952ce9a683cadf6b4b55,400,2025-07-14 20:39:20.577036,2025-07-14 20:39:20.578364
6875952de9a683cadf6b4b59,400,2025-07-14 20:39:20.687566,2025-07-14 20:39:20.688897
6875952de9a683cadf6b4b5d,400,2025-07-14 20:39:20.776594,2025-07-14 20:39:20.777934
6875952de9a683cadf6b4b61,400,2025-07-14 20:39:20.888327,2025-07-14 20:39:20.889565
6875952de9a683cadf6b4b65,400,2025-07-14 20:39:20.976999,2025-07-14 20:39:20.978336
6875952de9a683cadf6b4b69,400,2025-07-14 20:39:21.087268,2025-07-14 20:39:21.089051
6875952de9a683cadf6b4b6d,400,2025-07-14 20:39:21.176454,2025-07-14 20:39:21.177750
6875952de9a683cadf6b4b71,400,2025-07-14 20:39:21.287396,2025-07-14 20:39:21.288700
6875952de9a683cadf6b4b75,400,2025-07-14 20:39:21.396612,2025-07-14 20:39:21.397948
6875952de9a683cadf6b4b79,400,2025-07-14 20:39:21.497294,2025-07-14 20:39:21.498678
6875952de9a683cadf6b4b7d,400,2025-07-14 20:39:21.592758,2025-07-14 20:39:21.594203
6875952ee9a683cadf6b4b81,400,2025-07-14 20:39:21.688756,2025-07-14 20:39:21.690050
6875952ee9a683cadf6b4b85,400,2025-07-14 20:39:21.777131,2025-07-14 20:39:21.778466
6875952ee9a683cadf6b4b89,400,2025-07-14 20:39:21.876570,2025-07-14 20:39:21.877906
6875952ee9a683cadf6b4b8d,400,2025-07-14 20:39:21.977750,2025-07-14 20:39:21.979067
6875952ee9a683cadf6b4b91,400,2025-07-14 20:39:22.077105,2025-07-14 20:39:22.078427
6875952ee9a683cadf6b4b95,400,2025-07-14 20:39:22.177075,2025-07-14 20:39:22.178283
6875952ee9a683cadf6b4b99,400,2025-07-14 20:39:22.287249,2025-07-14 20:39:22.288569
6875952ee9a683cadf6b4b9d,400,2025-07-14 20:39:22.377290,2025-07-14 20:39:22.378568
6875952ee9a683cadf6b4ba1,400,2025-07-14 20:39:22.477777,2025-07-14 20:39:22.479023
6875952fe9a683cadf6b4ba5,400,2025-07-14 20:39:22.579018,2025-07-14 20:39:22.580436
6875952fe9a683cadf6b4ba9,400,2025-07-14 20:39:22.696773,2025-07-14 20:39:22.698012
6875952fe9a683cadf6b4bb1,400,2025-07-14 20:39:22.898644,2025-07-14 20:39:22.903729
6875952fe9a683cadf6b4bad,400,2025-07-14 20:39:22.777497,2025-07-14 20:39:22.778686
6875952fe9a683cadf6b4bb5,400,2025-07-14 20:39:22.996572,2025-07-14 20:39:22.997843
6875952fe9a683cadf6b4bb9,400,2025-07-14 20:39:23.088937,2025-07-14 20:39:23.090457
6875952fe9a683cadf6b4bbd,400,2025-07-14 20:39:23.197384,2025-07-14 20:39:23.198568
6875952fe9a683cadf6b4bbe,300,2025-07-14 20:39:23.207618,2025-07-14 20:39:23.244435
6875952fe9a683cadf6b4bc2,400,2025-07-14 20:39:23.287012,2025-07-14 20:39:23.288380
6875952fe9a683cadf6b4bc6,300,2025-07-14 20:39:23.387173,2025-07-14 20:39:23.388745
6875952fe9a683cadf6b4bca,300,2025-07-14 20:39:23.497695,2025-07-14 20:39:23.499073
6875952fe9a683cadf6b4bce,300,2025-07-14 20:39:23.587758,2025-07-14 20:39:23.589334
68759530e9a683cadf6b4bd2,300,2025-07-14 20:39:23.686945,2025-07-14 20:39:23.688469
68759530e9a683cadf6b4bd6,300,2025-07-14 20:39:23.803005,2025-07-14 20:39:23.805004
68759530e9a683cadf6b4bda,300,2025-07-14 20:39:23.889023,2025-07-14 20:39:23.890650
68759530e9a683cadf6b4bde,300,2025-07-14 20:39:23.987052,2025-07-14 20:39:23.988443
68759530e9a683cadf6b4be2,300,2025-07-14 20:39:24.099423,2025-07-14 20:39:24.100830
68759530e9a683cadf6b4be6,300,2025-07-14 20:39:24.186484,2025-07-14 20:39:24.187795
68759530e9a683cadf6b4bea,300,2025-07-14 20:39:24.286273,2025-07-14 20:39:24.287622
68759530e9a683cadf6b4bee,300,2025-07-14 20:39:24.405148,2025-07-14 20:39:24.406559
68759530e9a683cadf6b4bf2,300,2025-07-14 20:39:24.491660,2025-07-14 20:39:24.492957
68759531e9a683cadf6b4bfa,300,2025-07-14 20:39:24.698101,2025-07-14 20:39:24.699436
68759531e9a683cadf6b4bf6,300,2025-07-14 20:39:24.603691,2025-07-14 20:39:24.605670
68759531e9a683cadf6b4bfe,300,2025-07-14 20:39:24.787733,2025-07-14 20:39:24.789287
68759531e9a683cadf6b4c02,300,2025-07-14 20:39:24.897638,2025-07-14 20:39:24.898905
68759531e9a683cadf6b4c06,300,2025-07-14 20:39:24.999997,2025-07-14 20:39:25.001698
68759531e9a683cadf6b4c0a,300,2025-07-14 20:39:25.086515,2025-07-14 20:39:25.087869
68759531e9a683cadf6b4c0e,300,2025-07-14 20:39:25.186644,2025-07-14 20:39:25.187956
68759531e9a683cadf6b4c12,300,2025-07-14 20:39:25.303094,2025-07-14 20:39:25.304372
68759531e9a683cadf6b4c16,300,2025-07-14 20:39:25.389068,2025-07-14 20:39:25.390912
68759531e9a683cadf6b4c1a,300,2025-07-14 20:39:25.498057,2025-07-14 20:39:25.499331
68759531e9a683cadf6b4c1e,300,2025-07-14 20:39:25.588848,2025-07-14 20:39:25.590911
68759532e9a683cadf6b4c22,300,2025-07-14 20:39:25.686702,2025-07-14 20:39:25.687948
68759532e9a683cadf6b4c26,300,2025-07-14 20:39:25.797842,2025-07-14 20:39:25.799112
68759532e9a683cadf6b4c2a,300,2025-07-14 20:39:25.886075,2025-07-14 20:39:25.887310
68759532e9a683cadf6b4c2e,300,2025-07-14 20:39:26.013628,2025-07-14 20:39:26.015189
68759532e9a683cadf6b4c32,300,2025-07-14 20:39:26.088596,2025-07-14 20:39:26.089849
68759532e9a683cadf6b4c36,300,2025-07-14 20:39:26.186410,2025-07-14 20:39:26.187625
68759532e9a683cadf6b4c3a,300,2025-07-14 20:39:26.297622,2025-07-14 20:39:26.298900
68759532e9a683cadf6b4c3e,300,2025-07-14 20:39:26.386483,2025-07-14 20:39:26.387754
68759532e9a683cadf6b4c42,300,2025-07-14 20:39:26.492679,2025-07-14 20:39:26.494137
68759532e9a683cadf6b4c46,300,2025-07-14 20:39:26.609636,2025-07-14 20:39:26.611122
68759533e9a683cadf6b4c4a,300,2025-07-14 20:39:26.697321,2025-07-14 20:39:26.698612
68759533e9a683cadf6b4c4e,300,2025-07-14 20:39:26.786332,2025-07-14 20:39:26.787816
68759533e9a683cadf6b4c52,300,2025-07-14 20:39:26.915861,2025-07-14 20:39:26.917125
68759533e9a683cadf6b4c56,300,2025-07-14 20:39:27.006728,2025-07-14 20:39:27.008018
68759533e9a683cadf6b4c5a,300,2025-07-14 20:39:27.087006,2025-07-14 20:39:27.088315
68759533e9a683cadf6b4c5e,300,2025-07-14 20:39:27.187962,2025-07-14 20:39:27.189232
68759533e9a683cadf6b4c62,300,2025-07-14 20:39:27.287184,2025-07-14 20:39:27.288437
68759533e9a683cadf6b4c66,300,2025-07-14 20:39:27.397379,2025-07-14 20:39:27.398694
68759533e9a683cadf6b4c6a,300,2025-07-14 20:39:27.488396,2025-07-14 20:39:27.489916
68759533e9a683cadf6b4c6e,300,2025-07-14 20:39:27.587696,2025-07-14 20:39:27.588990
68759534e9a683cadf6b4c72,300,2025-07-14 20:39:27.687291,2025-07-14 20:39:27.688561
68759534e9a683cadf6b4c76,300,2025-07-14 20:39:27.809820,2025-07-14 20:39:27.811470
68759534e9a683cadf6b4c7a,300,2025-07-14 20:39:27.906728,2025-07-14 20:39:27.908009
68759534e9a683cadf6b4c7e,300,2025-07-14 20:39:27.987633,2025-07-14 20:39:27.988912
68759534e9a683cadf6b4c82,300,2025-07-14 20:39:28.087821,2025-07-14 20:39:28.089199
68759534e9a683cadf6b4c86,300,2025-07-14 20:39:28.213579,2025-07-14 20:39:28.215662
68759534e9a683cadf6b4c8a,300,2025-07-14 20:39:28.287082,2025-07-14 20:39:28.288384
68759534e9a683cadf6b4c8e,300,2025-07-14 20:39:28.387012,2025-07-14 20:39:28.388237
68759534e9a683cadf6b4c92,300,2025-07-14 20:39:28.487513,2025-07-14 20:39:28.488814
68759534e9a683cadf6b4c96,300,2025-07-14 20:39:28.589991,2025-07-14 20:39:28.591335
68759535e9a683cadf6b4c9a,300,2025-07-14 20:39:28.697568,2025-07-14 20:39:28.699443
68759535e9a683cadf6b4c9e,300,2025-07-14 20:39:28.787295,2025-07-14 20:39:28.788601
68759535e9a683cadf6b4ca2,300,2025-07-14 20:39:28.890362,2025-07-14 20:39:28.891587
68759535e9a683cadf6b4ca6,300,2025-07-14 20:39:28.987786,2025-07-14 20:39:28.989101
68759535e9a683cadf6b4caa,300,2025-07-14 20:39:29.087659,2025-07-14 20:39:29.089006
68759535e9a683cadf6b4cae,300,2025-07-14 20:39:29.187800,2025-07-14 20:39:29.189094
68759535e9a683cadf6b4cb2,300,2025-07-14 20:39:29.287109,2025-07-14 20:39:29.288431
68759535e9a683cadf6b4cb6,300,2025-07-14 20:39:29.390444,2025-07-14 20:39:29.391744
68759535e9a683cadf6b4cba,300,2025-07-14 20:39:29.488377,2025-07-14 20:39:29.489647
68759535e9a683cadf6b4cbe,300,2025-07-14 20:39:29.587454,2025-07-14 20:39:29.588767
68759536e9a683cadf6b4cc2,300,2025-07-14 20:39:29.696972,2025-07-14 20:39:29.698377
68759536e9a683cadf6b4cc6,300,2025-07-14 20:39:29.787077,2025-07-14 20:39:29.788960
68759536e9a683cadf6b4cca,300,2025-07-14 20:39:29.889390,2025-07-14 20:39:29.890679
68759536e9a683cadf6b4cce,300,2025-07-14 20:39:29.987412,2025-07-14 20:39:29.988699
68759536e9a683cadf6b4cd2,300,2025-07-14 20:39:30.087117,2025-07-14 20:39:30.088447
68759536e9a683cadf6b4cd6,300,2025-07-14 20:39:30.220892,2025-07-14 20:39:30.222621
68759536e9a683cadf6b4cda,300,2025-07-14 20:39:30.298316,2025-07-14 20:39:30.300203
68759536e9a683cadf6b4cde,300,2025-07-14 20:39:30.407554,2025-07-14 20:39:30.408812
68759536e9a683cadf6b4ce2,300,2025-07-14 20:39:30.510308,2025-07-14 20:39:30.511551
68759536e9a683cadf6b4ce6,300,2025-07-14 20:39:30.618382,2025-07-14 20:39:30.619878
68759537e9a683cadf6b4cea,300,2025-07-14 20:39:30.696944,2025-07-14 20:39:30.698334
68759537e9a683cadf6b4cee,300,2025-07-14 20:39:30.787265,2025-07-14 20:39:30.788604
68759537e9a683cadf6b4cf2,300,2025-07-14 20:39:30.921366,2025-07-14 20:39:30.922961
68759537e9a683cadf6b4cf6,300,2025-07-14 20:39:30.989128,2025-07-14 20:39:30.990778
68759537e9a683cadf6b4cfa,300,2025-07-14 20:39:31.120068,2025-07-14 20:39:31.121660
68759537e9a683cadf6b4cfe,300,2025-07-14 20:39:31.207586,2025-07-14 20:39:31.209519
68759537e9a683cadf6b4d02,300,2025-07-14 20:39:31.316438,2025-07-14 20:39:31.317743
68759537e9a683cadf6b4d06,300,2025-07-14 20:39:31.407397,2025-07-14 20:39:31.408714
68759537e9a683cadf6b4d0a,300,2025-07-14 20:39:31.513511,2025-07-14 20:39:31.514741
68759537e9a683cadf6b4d0e,300,2025-07-14 20:39:31.608885,2025-07-14 20:39:31.610191
68759538e9a683cadf6b4d12,300,2025-07-14 20:39:31.720444,2025-07-14 20:39:31.722540
68759538e9a683cadf6b4d16,300,2025-07-14 20:39:31.825442,2025-07-14 20:39:31.826818
68759538e9a683cadf6b4d17,0,2025-07-14 20:39:31.981428,2025-07-14 20:39:32.235929
68759539e9a683cadf6b4d1b,0,2025-07-14 20:39:32.940103,2025-07-14 20:39:32.941958
68759539e9a683cadf6b4d1f,0,2025-07-14 20:39:32.990160,2025-07-14 20:39:32.991708
68759539e9a683cadf6b4d23,0,2025-07-14 20:39:33.088733,2025-07-14 20:39:33.090287
68759539e9a683cadf6b4d27,0,2025-07-14 20:39:33.187047,2025-07-14 20:39:33.188404
68759539e9a683cadf6b4d2b,0,2025-07-14 20:39:33.286152,2025-07-14 20:39:33.287443
68759539e9a683cadf6b4d2f,0,2025-07-14 20:39:33.386875,2025-07-14 20:39:33.388219
68759539e9a683cadf6b4d33,0,2025-07-14 20:39:33.486249,2025-07-14 20:39:33.489127
68759539e9a683cadf6b4d37,0,2025-07-14 20:39:33.606910,2025-07-14 20:39:33.608195
6875953ae9a683cadf6b4d3b,0,2025-07-14 20:39:33.698357,2025-07-14 20:39:33.699646
6875953ae9a683cadf6b4d3f,0,2025-07-14 20:39:33.798687,2025-07-14 20:39:33.800097
6875953ae9a683cadf6b4d43,0,2025-07-14 20:39:33.888927,2025-07-14 20:39:33.890764
6875953ae9a683cadf6b4d47,0,2025-07-14 20:39:33.986723,2025-07-14 20:39:33.988057
6875953ae9a683cadf6b4d4b,0,2025-07-14 20:39:34.086295,2025-07-14 20:39:34.087636
6875953ae9a683cadf6b4d4f,0,2025-07-14 20:39:34.208173,2025-07-14 20:39:34.209552
6875953ae9a683cadf6b4d53,0,2025-07-14 20:39:34.286655,2025-07-14 20:39:34.287955
6875953ae9a683cadf6b4d57,0,2025-07-14 20:39:34.386527,2025-07-14 20:39:34.387813
6875953ae9a683cadf6b4d5b,0,2025-07-14 20:39:34.509110,2025-07-14 20:39:34.510795
6875953ae9a683cadf6b4d5f,0,2025-07-14 20:39:34.586433,2025-07-14 20:39:34.587733
6875953be9a683cadf6b4d63,0,2025-07-14 20:39:34.699543,2025-07-14 20:39:34.700843
6875953be9a683cadf6b4d67,0,2025-07-14 20:39:34.786302,2025-07-14 20:39:34.787512
6875953be9a683cadf6b4d6b,0,2025-07-14 20:39:34.886089,2025-07-14 20:39:34.887465
6875953be9a683cadf6b4d6f,0,2025-07-14 20:39:34.986419,2025-07-14 20:39:34.987714
6875953be9a683cadf6b4d73,0,2025-07-14 20:39:35.086717,2025-07-14 20:39:35.088059
6875953be9a683cadf6b4d77,0,2025-07-14 20:39:35.186293,2025-07-14 20:39:35.187545
6875953be9a683cadf6b4d7b,0,2025-07-14 20:39:35.286642,2025-07-14 20:39:35.287937
6875953be9a683cadf6b4d7f,0,2025-07-14 20:39:35.386995,2025-07-14 20:39:35.388310
6875953be9a683cadf6b4d83,0,2025-07-14 20:39:35.486215,2025-07-14 20:39:35.487554
6875953be9a683cadf6b4d87,0,2025-07-14 20:39:35.586876,2025-07-14 20:39:35.588112
6875953ce9a683cadf6b4d8f,0,2025-07-14 20:39:35.809337,2025-07-14 20:39:35.811476
6875953ce9a683cadf6b4d8b,0,2025-07-14 20:39:35.699443,2025-07-14 20:39:35.700766
6875953ce9a683cadf6b4d93,0,2025-07-14 20:39:35.888100,2025-07-14 20:39:35.889372
6875953ce9a683cadf6b4d97,0,2025-07-14 20:39:35.997576,2025-07-14 20:39:35.998978
6875953ce9a683cadf6b4d9b,0,2025-07-14 20:39:36.088816,2025-07-14 20:39:36.090464
6875953ce9a683cadf6b4d9f,0,2025-07-14 20:39:36.188240,2025-07-14 20:39:36.189619
6875953ce9a683cadf6b4da3,0,2025-07-14 20:39:36.288200,2025-07-14 20:39:36.289522
6875953ce9a683cadf6b4da7,0,2025-07-14 20:39:36.388008,2025-07-14 20:39:36.389289
6875953ce9a683cadf6b4dab,0,2025-07-14 20:39:36.487589,2025-07-14 20:39:36.488834
6875953ce9a683cadf6b4daf,0,2025-07-14 20:39:36.614492,2025-07-14 20:39:36.615777
6875953de9a683cadf6b4db3,0,2025-07-14 20:39:36.698103,2025-07-14 20:39:36.699578
6875953de9a683cadf6b4db7,0,2025-07-14 20:39:36.806841,2025-07-14 20:39:36.808054
6875953de9a683cadf6b4dbb,0,2025-07-14 20:39:36.918329,2025-07-14 20:39:36.919648
6875953de9a683cadf6b4dbf,0,2025-07-14 20:39:36.988736,2025-07-14 20:39:36.990000
6875953de9a683cadf6b4dc3,0,2025-07-14 20:39:37.114165,2025-07-14 20:39:37.116567
6875953de9a683cadf6b4dc7,0,2025-07-14 20:39:37.208786,2025-07-14 20:39:37.210054
6875953de9a683cadf6b4dcb,0,2025-07-14 20:39:37.314157,2025-07-14 20:39:37.315689
6875953de9a683cadf6b4dcf,0,2025-07-14 20:39:37.407476,2025-07-14 20:39:37.408758
6875953de9a683cadf6b4dd3,0,2025-07-14 20:39:37.521443,2025-07-14 20:39:37.522805
6875953de9a683cadf6b4dd7,0,2025-07-14 20:39:37.607308,2025-07-14 20:39:37.608574
6875953ee9a683cadf6b4ddb,0,2025-07-14 20:39:37.707776,2025-07-14 20:39:37.709099
6875953ee9a683cadf6b4ddf,0,2025-07-14 20:39:37.812427,2025-07-14 20:39:37.814219
6875953ee9a683cadf6b4de3,0,2025-07-14 20:39:37.918359,2025-07-14 20:39:37.919637
6875953ee9a683cadf6b4de7,0,2025-07-14 20:39:37.997971,2025-07-14 20:39:37.999518
6875953ee9a683cadf6b4deb,0,2025-07-14 20:39:38.108436,2025-07-14 20:39:38.109700
6875953ee9a683cadf6b4def,0,2025-07-14 20:39:38.208769,2025-07-14 20:39:38.209955
6875953ee9a683cadf6b4df3,0,2025-07-14 20:39:38.325705,2025-07-14 20:39:38.328146
6875953ee9a683cadf6b4df7,0,2025-07-14 20:39:38.414153,2025-07-14 20:39:38.415668
6875953ee9a683cadf6b4dfb,0,2025-07-14 20:39:38.510004,2025-07-14 20:39:38.511290
6875953ee9a683cadf6b4dff,0,2025-07-14 20:39:38.608179,2025-07-14 20:39:38.609498
6875953fe9a683cadf6b4e03,0,2025-07-14 20:39:38.696465,2025-07-14 20:39:38.697675
6875953fe9a683cadf6b4e07,0,2025-07-14 20:39:38.796358,2025-07-14 20:39:38.797664
6875953fe9a683cadf6b4e0b,0,2025-07-14 20:39:38.917173,2025-07-14 20:39:38.918578
6875953fe9a683cadf6b4e0f,0,2025-07-14 20:39:38.997006,2025-07-14 20:39:38.998347
6875953fe9a683cadf6b4e13,0,2025-07-14 20:39:39.119395,2025-07-14 20:39:39.120939
6875953fe9a683cadf6b4e17,0,2025-07-14 20:39:39.211378,2025-07-14 20:39:39.212623
6875953fe9a683cadf6b4e1b,0,2025-07-14 20:39:39.311511,2025-07-14 20:39:39.312850
6875953fe9a683cadf6b4e1f,0,2025-07-14 20:39:39.407873,2025-07-14 20:39:39.409176
6875953fe9a683cadf6b4e23,0,2025-07-14 20:39:39.513578,2025-07-14 20:39:39.514950
6875953fe9a683cadf6b4e27,0,2025-07-14 20:39:39.608396,2025-07-14 20:39:39.609741
68759540e9a683cadf6b4e2b,0,2025-07-14 20:39:39.698328,2025-07-14 20:39:39.699709
68759540e9a683cadf6b4e2f,0,2025-07-14 20:39:39.797135,2025-07-14 20:39:39.798438
68759540e9a683cadf6b4e33,0,2025-07-14 20:39:39.918397,2025-07-14 20:39:39.920135
68759540e9a683cadf6b4e37,0,2025-07-14 20:39:39.996396,2025-07-14 20:39:39.997749
68759540e9a683cadf6b4e3b,0,2025-07-14 20:39:40.121713,2025-07-14 20:39:40.125819
68759540e9a683cadf6b4e3f,0,2025-07-14 20:39:40.208136,2025-07-14 20:39:40.209445
68759540e9a683cadf6b4e43,0,2025-07-14 20:39:40.316736,2025-07-14 20:39:40.318071
68759540e9a683cadf6b4e47,0,2025-07-14 20:39:40.406811,2025-07-14 20:39:40.408162
68759540e9a683cadf6b4e4b,0,2025-07-14 20:39:40.517317,2025-07-14 20:39:40.518786
68759540e9a683cadf6b4e4f,0,2025-07-14 20:39:40.612037,2025-07-14 20:39:40.613382
68759541e9a683cadf6b4e53,0,2025-07-14 20:39:40.696848,2025-07-14 20:39:40.698271
68759541e9a683cadf6b4e57,0,2025-07-14 20:39:40.815714,2025-07-14 20:39:40.817331
68759541e9a683cadf6b4e5b,0,2025-07-14 20:39:40.921264,2025-07-14 20:39:40.923012
68759541e9a683cadf6b4e5f,0,2025-07-14 20:39:40.997293,2025-07-14 20:39:40.998604
68759541e9a683cadf6b4e63,0,2025-07-14 20:39:41.108152,2025-07-14 20:39:41.109454
68759541e9a683cadf6b4e67,0,2025-07-14 20:39:41.207390,2025-07-14 20:39:41.208716
68759541e9a683cadf6b4e6b,0,2025-07-14 20:39:41.318478,2025-07-14 20:39:41.319900
68759541e9a683cadf6b4e6f,0,2025-07-14 20:39:41.406979,2025-07-14 20:39:41.408281
68759541e9a683cadf6b4e73,0,2025-07-14 20:39:41.516602,2025-07-14 20:39:41.518000
68759541e9a683cadf6b4e77,0,2025-07-14 20:39:41.607143,2025-07-14 20:39:41.609010
68759542e9a683cadf6b4e7b,0,2025-07-14 20:39:41.697838,2025-07-14 20:39:41.699137
68759542e9a683cadf6b4e7f,0,2025-07-14 20:39:41.797534,2025-07-14 20:39:41.798791
68759542e9a683cadf6b4e83,0,2025-07-14 20:39:41.910625,2025-07-14 20:39:41.912041
68759542e9a683cadf6b4e87,0,2025-07-14 20:39:41.997254,2025-07-14 20:39:41.998563
68759542e9a683cadf6b4e8b,0,2025-07-14 20:39:42.097943,2025-07-14 20:39:42.099206
68759542e9a683cadf6b4e8f,0,2025-07-14 20:39:42.208247,2025-07-14 20:39:42.209670
68759542e9a683cadf6b4e93,0,2025-07-14 20:39:42.306706,2025-07-14 20:39:42.308344
68759542e9a683cadf6b4e97,0,2025-07-14 20:39:42.406995,2025-07-14 20:39:42.408514
68759542e9a683cadf6b4e9b,0,2025-07-14 20:39:42.507565,2025-07-14 20:39:42.509041
68759542e9a683cadf6b4e9f,0,2025-07-14 20:39:42.608894,2025-07-14 20:39:42.610415
68759543e9a683cadf6b4ea3,0,2025-07-14 20:39:42.697184,2025-07-14 20:39:42.698384
68759543e9a683cadf6b4ea7,0,2025-07-14 20:39:42.827344,2025-07-14 20:39:42.828877
68759543e9a683cadf6b4eab,0,2025-07-14 20:39:42.898673,2025-07-14 20:39:42.902757
68759543e9a683cadf6b4eaf,0,2025-07-14 20:39:43.028861,2025-07-14 20:39:43.030249
68759543e9a683cadf6b4eb3,0,2025-07-14 20:39:43.117368,2025-07-14 20:39:43.118678
68759543e9a683cadf6b4eb7,0,2025-07-14 20:39:43.230439,2025-07-14 20:39:43.231896
68759543e9a683cadf6b4ebb,0,2025-07-14 20:39:43.306328,2025-07-14 20:39:43.307660
68759543e9a683cadf6b4ebf,0,2025-07-14 20:39:43.411482,2025-07-14 20:39:43.412868
68759543e9a683cadf6b4ec3,0,2025-07-14 20:39:43.506563,2025-07-14 20:39:43.508147
68759543e9a683cadf6b4ec7,0,2025-07-14 20:39:43.606742,2025-07-14 20:39:43.608599
68759544e9a683cadf6b4ecb,0,2025-07-14 20:39:43.717094,2025-07-14 20:39:43.718369
68759544e9a683cadf6b4ecf,0,2025-07-14 20:39:43.805975,2025-07-14 20:39:43.807275
68759544e9a683cadf6b4ed3,0,2025-07-14 20:39:43.917853,2025-07-14 20:39:43.919156
68759544e9a683cadf6b4ed7,0,2025-07-14 20:39:43.998472,2025-07-14 20:39:43.999728
68759544e9a683cadf6b4edb,0,2025-07-14 20:39:44.117137,2025-07-14 20:39:44.118429
68759544e9a683cadf6b4edf,0,2025-07-14 20:39:44.207971,2025-07-14 20:39:44.209204
68759544e9a683cadf6b4ee3,0,2025-07-14 20:39:44.306164,2025-07-14 20:39:44.307421
68759544e9a683cadf6b4ee7,0,2025-07-14 20:39:44.406608,2025-07-14 20:39:44.407926
68759544e9a683cadf6b4eeb,0,2025-07-14 20:39:44.506360,2025-07-14 20:39:44.507639
68759544e9a683cadf6b4eef,0,2025-07-14 20:39:44.606472,2025-07-14 20:39:44.607682
68759545e9a683cadf6b4ef3,0,2025-07-14 20:39:44.722043,2025-07-14 20:39:44.723362
68759545e9a683cadf6b4ef7,0,2025-07-14 20:39:44.831612,2025-07-14 20:39:44.833300
68759545e9a683cadf6b4efb,0,2025-07-14 20:39:44.925704,2025-07-14 20:39:44.927020
68759545e9a683cadf6b4eff,0,2025-07-14 20:39:45.017412,2025-07-14 20:39:45.019453
68759545e9a683cadf6b4f03,0,2025-07-14 20:39:45.126496,2025-07-14 20:39:45.127812
68759545e9a683cadf6b4f07,0,2025-07-14 20:39:45.233355,2025-07-14 20:39:45.235523
68759545e9a683cadf6b4f0b,0,2025-07-14 20:39:45.317299,2025-07-14 20:39:45.318623
68759545e9a683cadf6b4f0f,0,2025-07-14 20:39:45.406594,2025-07-14 20:39:45.407929
68759545e9a683cadf6b4f13,0,2025-07-14 20:39:45.507529,2025-07-14 20:39:45.508718
68759545e9a683cadf6b4f17,0,2025-07-14 20:39:45.608096,2025-07-14 20:39:45.609614
68759546e9a683cadf6b4f1b,0,2025-07-14 20:39:45.732079,2025-07-14 20:39:45.733735
68759546e9a683cadf6b4f1f,0,2025-07-14 20:39:45.807317,2025-07-14 20:39:45.808592
68759546e9a683cadf6b4f23,0,2025-07-14 20:39:45.907033,2025-07-14 20:39:45.908362
68759546e9a683cadf6b4f27,0,2025-07-14 20:39:46.006577,2025-07-14 20:39:46.007900
68759546e9a683cadf6b4f2b,0,2025-07-14 20:39:46.107729,2025-07-14 20:39:46.108996
68759546e9a683cadf6b4f2f,0,2025-07-14 20:39:46.208172,2025-07-14 20:39:46.209487
68759546e9a683cadf6b4f33,0,2025-07-14 20:39:46.307887,2025-07-14 20:39:46.309218
68759546e9a683cadf6b4f37,0,2025-07-14 20:39:46.407207,2025-07-14 20:39:46.408472
68759546e9a683cadf6b4f3b,0,2025-07-14 20:39:46.507346,2025-07-14 20:39:46.508605
68759546e9a683cadf6b4f3f,0,2025-07-14 20:39:46.607625,2025-07-14 20:39:46.608938
68759547e9a683cadf6b4f43,0,2025-07-14 20:39:46.726723,2025-07-14 20:39:46.728037
68759547e9a683cadf6b4f47,0,2025-07-14 20:39:46.827003,2025-07-14 20:39:46.828310
68759547e9a683cadf6b4f4b,0,2025-07-14 20:39:46.908551,2025-07-14 20:39:46.909859
68759547e9a683cadf6b4f4f,0,2025-07-14 20:39:47.007846,2025-07-14 20:39:47.009140
68759547e9a683cadf6b4f53,0,2025-07-14 20:39:47.107278,2025-07-14 20:39:47.108509
68759547e9a683cadf6b4f57,0,2025-07-14 20:39:47.207496,2025-07-14 20:39:47.208791
68759547e9a683cadf6b4f5b,0,2025-07-14 20:39:47.309047,2025-07-14 20:39:47.310237
68759547e9a683cadf6b4f5f,0,2025-07-14 20:39:47.407312,2025-07-14 20:39:47.408684
68759547e9a683cadf6b4f63,0,2025-07-14 20:39:47.507592,2025-07-14 20:39:47.508891
68759547e9a683cadf6b4f67,0,2025-07-14 20:39:47.607779,2025-07-14 20:39:47.609060
68759548e9a683cadf6b4f6b,0,2025-07-14 20:39:47.726582,2025-07-14 20:39:47.727842
68759548e9a683cadf6b4f6f,0,2025-07-14 20:39:47.816100,2025-07-14 20:39:47.817743
68759548e9a683cadf6b4f73,0,2025-07-14 20:39:47.907704,2025-07-14 20:39:47.908970
68759548e9a683cadf6b4f77,0,2025-07-14 20:39:48.007398,2025-07-14 20:39:48.008583
68759548e9a683cadf6b4f7b,0,2025-07-14 20:39:48.107030,2025-07-14 20:39:48.108317
68759548e9a683cadf6b4f7f,0,2025-07-14 20:39:48.207470,2025-07-14 20:39:48.208729
68759548e9a683cadf6b4f83,0,2025-07-14 20:39:48.308316,2025-07-14 20:39:48.309622
68759548e9a683cadf6b4f87,0,2025-07-14 20:39:48.407454,2025-07-14 20:39:48.408719
68759548e9a683cadf6b4f8b,0,2025-07-14 20:39:48.507621,2025-07-14 20:39:48.508917
68759549e9a683cadf6b4f8f,0,2025-07-14 20:39:48.607634,2025-07-14 20:39:48.608978
68759549e9a683cadf6b4f93,0,2025-07-14 20:39:48.728062,2025-07-14 20:39:48.729297
68759549e9a683cadf6b4f97,0,2025-07-14 20:39:48.808975,2025-07-14 20:39:48.810178
68759549e9a683cadf6b4f9f,0,2025-07-14 20:39:49.037707,2025-07-14 20:39:49.039508
68759549e9a683cadf6b4f9b,0,2025-07-14 20:39:48.916211,2025-07-14 20:39:48.917555
68759549e9a683cadf6b4fa7,0,2025-07-14 20:39:49.228255,2025-07-14 20:39:49.229636
68759549e9a683cadf6b4fab,0,2025-07-14 20:39:49.327621,2025-07-14 20:39:49.328836
68759549e9a683cadf6b4faf,0,2025-07-14 20:39:49.430891,2025-07-14 20:39:49.432250
68759549e9a683cadf6b4fb3,0,2025-07-14 20:39:49.545011,2025-07-14 20:39:49.546431
68759549e9a683cadf6b4fa3,0,2025-07-14 20:39:49.107886,2025-07-14 20:39:49.109184
68759549e9a683cadf6b4fb7,0,2025-07-14 20:39:49.637859,2025-07-14 20:39:49.639382
6875954ae9a683cadf6b4fbb,0,2025-07-14 20:39:49.727523,2025-07-14 20:39:49.728696
6875954ae9a683cadf6b4fbf,0,2025-07-14 20:39:49.816041,2025-07-14 20:39:49.817346
6875954ae9a683cadf6b4fc3,0,2025-07-14 20:39:49.927553,2025-07-14 20:39:49.929149
6875954ae9a683cadf6b4fc7,0,2025-07-14 20:39:50.031030,2025-07-14 20:39:50.033213
6875954ae9a683cadf6b4fcb,0,2025-07-14 20:39:50.143146,2025-07-14 20:39:50.144582
6875954ae9a683cadf6b4fcf,0,2025-07-14 20:39:50.237850,2025-07-14 20:39:50.239414
6875954ae9a683cadf6b4fd3,0,2025-07-14 20:39:50.330658,2025-07-14 20:39:50.332156
6875954ae9a683cadf6b4fd7,0,2025-07-14 20:39:50.417619,2025-07-14 20:39:50.418844
6875954ae9a683cadf6b4fdb,0,2025-07-14 20:39:50.530267,2025-07-14 20:39:50.532056
6875954ae9a683cadf6b4fdf,0,2025-07-14 20:39:50.617387,2025-07-14 20:39:50.618703
6875954be9a683cadf6b4fe3,0,2025-07-14 20:39:50.740397,2025-07-14 20:39:50.742128
6875954be9a683cadf6b4fe7,0,2025-07-14 20:39:50.837345,2025-07-14 20:39:50.838758
6875954be9a683cadf6b4feb,0,2025-07-14 20:39:50.920908,2025-07-14 20:39:50.922194
6875954be9a683cadf6b4fef,0,2025-07-14 20:39:51.038123,2025-07-14 20:39:51.039514
6875954be9a683cadf6b4ff3,0,2025-07-14 20:39:51.127302,2025-07-14 20:39:51.128770
6875954be9a683cadf6b4ff7,0,2025-07-14 20:39:51.229115,2025-07-14 20:39:51.230728
6875954be9a683cadf6b4ffb,0,2025-07-14 20:39:51.339576,2025-07-14 20:39:51.342657
6875954be9a683cadf6b4fff,0,2025-07-14 20:39:51.427593,2025-07-14 20:39:51.428827
6875954be9a683cadf6b5003,0,2025-07-14 20:39:51.519181,2025-07-14 20:39:51.520492
6875954be9a683cadf6b5007,0,2025-07-14 20:39:51.633950,2025-07-14 20:39:51.636374
